nwb_path,session_start_time,subject_id,num_good_units,num_units,device,is_single_shank,is_v1_probe,most_common_area,brain_region
sub-KS042/sub-KS042_ses-8c552ddc-813e-4035-81cc-3971b57efe65_behavior+ecephys+image.nwb,2020-11-23 18:42:36.343000+00:00,KS042,100,750,probe00,True,True,PIR,
sub-KS042/sub-KS042_ses-8c552ddc-813e-4035-81cc-3971b57efe65_behavior+ecephys+image.nwb,2020-11-23 18:42:36.343000+00:00,KS042,24,305,probe01,True,True,PAG,
sub-KS042/sub-KS042_ses-07dc4b76-5b93-4a03-82a0-b3d9cc73f412_behavior+ecephys+image.nwb,2020-11-24 19:58:05.975000+00:00,KS042,51,320,probe00,True,True,MRN,
sub-KS042/sub-KS042_ses-07dc4b76-5b93-4a03-82a0-b3d9cc73f412_behavior+ecephys+image.nwb,2020-11-24 19:58:05.975000+00:00,KS042,60,545,probe01,True,True,MRN,
sub-NYU-21/sub-NYU-21_ses-ebe2efe3-e8a1-451a-8947-76ef42427cc9_behavior+ecephys+image.nwb,2020-08-19 12:43:13.897987-04:00,NYU-21,29,287,probe00,True,True,CP,
sub-NYU-21/sub-NYU-21_ses-ebe2efe3-e8a1-451a-8947-76ef42427cc9_behavior+ecephys+image.nwb,2020-08-19 12:43:13.897987-04:00,NYU-21,33,327,probe01,True,True,AMd,
sub-NYU-21/sub-NYU-21_ses-8c33abef-3d3e-4d42-9f27-445e9def08f9_behavior+ecephys+image.nwb,2020-08-13 12:03:36.351962-04:00,NYU-21,103,659,probe01,True,True,VPL,
sub-UCLA035/sub-UCLA035_ses-f99ac31f-171b-4208-a55d-5644c0ad51c3_behavior+ecephys+image.nwb,2022-02-24 16:24:03.301416-08:00,UCLA035,233,1017,probe00,True,True,DP,
sub-UCLA035/sub-UCLA035_ses-6f36868f-5cc1-450c-82fa-6b9829ce0cfe_behavior+ecephys+image.nwb,2022-02-18 16:13:34.602399-08:00,UCLA035,24,312,probe00,True,True,RSPd5,
sub-UCLA035/sub-UCLA035_ses-6f36868f-5cc1-450c-82fa-6b9829ce0cfe_behavior+ecephys+image.nwb,2022-02-18 16:13:34.602399-08:00,UCLA035,80,879,probe01,True,True,CP,
sub-DY-010/sub-DY-010_ses-931a70ae-90ee-448e-bedb-9d41f3eda647_behavior+ecephys+image.nwb,2020-01-28 11:34:01.365875-08:00,DY_010,62,601,probe00,True,True,LGd-co,
sub-DY-010/sub-DY-010_ses-02fbb6da-3034-47d6-a61b-7d06c796a830_behavior+ecephys+image.nwb,2020-01-29 14:24:50.260617-08:00,DY_010,75,442,probe00,True,True,PO,
sub-DY-010/sub-DY-010_ses-bb6a5aae-2431-401d-8f6a-9fdd6de655a9_behavior+ecephys+image.nwb,2020-01-24 14:20:24.754006-08:00,DY_010,65,323,probe00,True,True,MD,
sub-DY-010/sub-DY-010_ses-90d1e82c-c96f-496c-ad4e-ee3f02067f25_behavior+ecephys+image.nwb,2020-01-23 14:35:49.539303-08:00,DY_010,65,409,probe00,True,True,VISp5,
sub-DY-010/sub-DY-010_ses-4fa70097-8101-4f10-b585-db39429c5ed0_behavior+ecephys+image.nwb,2020-01-21 14:40:18.494392-08:00,DY_010,88,369,probe00,True,True,VPM,
sub-SWC-058/sub-SWC-058_ses-9545aa05-3945-4054-a5c3-a259f7209d61_behavior+ecephys+image.nwb,2020-12-10 17:19:07.611737+00:00,SWC_058,13,464,probe00,True,True,MDRNv,
sub-SWC-058/sub-SWC-058_ses-9545aa05-3945-4054-a5c3-a259f7209d61_behavior+ecephys+image.nwb,2020-12-10 17:19:07.611737+00:00,SWC_058,33,531,probe01,True,True,ANcr1,
sub-SWC-058/sub-SWC-058_ses-3638d102-e8b6-4230-8742-e548cd87a949_behavior+ecephys+image.nwb,2020-12-07 16:43:05.826338+00:00,SWC_058,72,522,probe01,True,True,PoT,
sub-SWC-058/sub-SWC-058_ses-d3a2b25e-46d3-4f0b-ade6-4e32255f4c35_behavior+ecephys+image.nwb,2020-12-09 16:37:24.379056+00:00,SWC_058,6,265,probe00,True,True,IRN,
sub-SWC-058/sub-SWC-058_ses-d3a2b25e-46d3-4f0b-ade6-4e32255f4c35_behavior+ecephys+image.nwb,2020-12-09 16:37:24.379056+00:00,SWC_058,16,397,probe01,True,True,COPY,
sub-SWC-058/sub-SWC-058_ses-f1db6257-85ef-4385-b415-2d078ec75df2_behavior+ecephys+image.nwb,2020-12-08 16:37:47.025234+00:00,SWC_058,28,422,probe00,True,True,arb,
sub-SWC-058/sub-SWC-058_ses-f1db6257-85ef-4385-b415-2d078ec75df2_behavior+ecephys+image.nwb,2020-12-08 16:37:47.025234+00:00,SWC_058,21,507,probe01,True,True,COPY,
sub-DY-011/sub-DY-011_ses-cf43dbb1-6992-40ec-a5f9-e8e838d0f643_behavior+ecephys+image.nwb,2020-02-08 11:18:59.265577-08:00,DY_011,30,205,probe00,True,True,MOp5,
sub-DY-011/sub-DY-011_ses-741979ce-3f10-443a-8526-2275620c8473_behavior+ecephys+image.nwb,2020-02-07 11:10:45.986525-08:00,DY_011,60,363,probe00,True,True,AV,
sub-DY-011/sub-DY-011_ses-36280321-555b-446d-9b7d-c2e17991e090_behavior+ecephys+image.nwb,2020-02-01 15:49:28.905174-08:00,DY_011,49,319,probe00,True,True,MOs6a,
sub-DY-011/sub-DY-011_ses-7bee9f09-a238-42cf-b499-f51f765c6ded_behavior+ecephys+image.nwb,2020-01-31 14:58:40.152095-08:00,DY_011,73,439,probe00,True,True,CP,
sub-KS051/sub-KS051_ses-4503697e-af44-47d9-898d-4924be990240_behavior+ecephys+image.nwb,2021-05-12 17:44:59+01:00,KS051,26,242,probe01,True,True,ACB,
sub-KS051/sub-KS051_ses-7082d8ff-255a-47d7-a839-bf093483ec30_behavior+ecephys.nwb,2021-05-13 14:26:53+01:00,KS051,8,165,probe00,True,True,SI,
sub-KS051/sub-KS051_ses-7082d8ff-255a-47d7-a839-bf093483ec30_behavior+ecephys.nwb,2021-05-13 14:26:53+01:00,KS051,42,257,probe01,True,True,MOp5,
sub-KS051/sub-KS051_ses-0a018f12-ee06-4b11-97aa-bbbff5448e9f_behavior+ecephys+image.nwb,2021-05-11 14:24:53+01:00,KS051,89,530,probe00,True,True,LP,
sub-NR-0021/sub-NR-0021_ses-e0928e11-2b86-4387-a203-80c77fab5d52_behavior+ecephys+image.nwb,2022-07-08 12:03:47.876093-07:00,NR_0021,21,137,probe00,True,True,SCiw,
sub-NR-0021/sub-NR-0021_ses-e0928e11-2b86-4387-a203-80c77fab5d52_behavior+ecephys+image.nwb,2022-07-08 12:03:47.876093-07:00,NR_0021,35,325,probe01,True,True,SUB,
sub-NR-0021/sub-NR-0021_ses-1ca83b26-30fc-4350-a616-c38b7d00d240_behavior+ecephys+image.nwb,2022-06-30 13:52:49.148628-07:00,NR_0021,62,398,probe00,True,True,MRN,
sub-NR-0021/sub-NR-0021_ses-1ca83b26-30fc-4350-a616-c38b7d00d240_behavior+ecephys+image.nwb,2022-06-30 13:52:49.148628-07:00,NR_0021,4,95,probe01,True,True,SSs6a,
sub-NR-0021/sub-NR-0021_ses-27ef44c0-acb2-4220-b776-477d0d5abd35_behavior+ecephys+image.nwb,2022-06-28 12:41:04.697544-07:00,NR_0021,37,344,probe00,True,True,CA3,
sub-NR-0021/sub-NR-0021_ses-27ef44c0-acb2-4220-b776-477d0d5abd35_behavior+ecephys+image.nwb,2022-06-28 12:41:04.697544-07:00,NR_0021,115,642,probe01,True,True,PIR,
sub-ZFM-01936/sub-ZFM-01936_ses-3f6e25ae-c007-4dc3-aa77-450fd5705046_behavior+ecephys+image.nwb,2021-01-24 13:04:17+00:00,ZFM-01936,117,755,probe00,True,True,AON,
sub-ZFM-01936/sub-ZFM-01936_ses-9b5a1754-ac99-4d53-97d3-35c2f6638507_behavior+ecephys+image.nwb,2021-01-22 11:50:56+00:00,ZFM-01936,77,656,probe00,True,True,CP,
sub-ZFM-01936/sub-ZFM-01936_ses-4aa1d525-5c7d-4c50-a147-ec53a9014812_behavior+ecephys+image.nwb,2021-01-20 14:35:58+00:00,ZFM-01936,122,897,probe00,True,True,MOp5,
sub-ZFM-01936/sub-ZFM-01936_ses-2c44a360-5a56-4971-8009-f469fb59de98_behavior+ecephys+image.nwb,2021-01-23 12:13:55+00:00,ZFM-01936,92,458,probe00,True,True,PVT,
sub-ZFM-01936/sub-ZFM-01936_ses-2c44a360-5a56-4971-8009-f469fb59de98_behavior+ecephys+image.nwb,2021-01-23 12:13:55+00:00,ZFM-01936,151,735,probe01,True,True,ACB,
sub-ZFM-01936/sub-ZFM-01936_ses-d0ea3148-948d-4817-94f8-dcaf2342bbbe_behavior+ecephys+image.nwb,2021-01-19 17:15:10+00:00,ZFM-01936,104,509,probe00,True,True,PO,
sub-SWC-042/sub-SWC-042_ses-f9860a11-24d3-452e-ab95-39e199f20a93_behavior+ecephys+image.nwb,2020-07-17 15:32:05.552182+01:00,SWC_042,28,357,probe00,True,True,MGd,
sub-SWC-042/sub-SWC-042_ses-f9860a11-24d3-452e-ab95-39e199f20a93_behavior+ecephys+image.nwb,2020-07-17 15:32:05.552182+01:00,SWC_042,36,263,probe01,True,True,LGv,
sub-SWC-042/sub-SWC-042_ses-66d98e6e-bcd9-4e78-8fbb-636f7e808b29_behavior+ecephys+image.nwb,2020-07-13 18:56:18+01:00,SWC_042,19,293,probe00,True,True,LGv,
sub-UCLA037/sub-UCLA037_ses-bda2faf5-9563-4940-a80f-ce444259e47b_behavior+ecephys+image.nwb,2022-02-10 15:25:25.061359-08:00,UCLA037,154,877,probe00,True,True,ENTm3,
sub-UCLA037/sub-UCLA037_ses-8d316998-28c3-4265-b029-e2ca82375b2f_behavior+ecephys+image.nwb,2022-02-09 16:17:13.568726-08:00,UCLA037,162,734,probe00,True,True,MOp5,
sub-UCLA037/sub-UCLA037_ses-fa8ad50d-76f2-45fa-a52f-08fe3d942345_behavior+ecephys.nwb,2022-02-08 15:55:36.495015-08:00,UCLA037,5,143,probe00,True,True,AHN,
sub-UCLA037/sub-UCLA037_ses-2bdf206a-820f-402f-920a-9e86cd5388a4_behavior+ecephys+image.nwb,2022-02-02 17:13:16.755421-08:00,UCLA037,56,503,probe00,True,True,APN,
sub-UCLA037/sub-UCLA037_ses-2bdf206a-820f-402f-920a-9e86cd5388a4_behavior+ecephys+image.nwb,2022-02-02 17:13:16.755421-08:00,UCLA037,140,751,probe01,True,True,LP,
sub-ibl-witten-18/sub-ibl-witten-18_ses-4ef13091-1bc8-4f32-9619-107bdf48540c_behavior+ecephys+image.nwb,2020-09-02 12:29:50-04:00,ibl_witten_18,28,385,probe00,True,True,SSp-bfd6a,
sub-ibl-witten-18/sub-ibl-witten-18_ses-cae5cd75-55e5-4277-8db3-cf4d6c5ff918_behavior+ecephys+image.nwb,2020-09-01 14:09:23-04:00,ibl_witten_18,69,690,probe00,True,True,CP,
sub-NYU-47/sub-NYU-47_ses-fc43390d-457e-463a-9fd4-b94a0a8b48f5_behavior+ecephys+image.nwb,2021-06-25 15:23:17.129893-04:00,NYU-47,18,588,probe01,True,True,arb,
sub-NYU-47/sub-NYU-47_ses-288bfbf3-3700-4abe-b6e4-130b5c541e61_behavior+ecephys+image.nwb,2021-06-24 15:44:04.820380-04:00,NYU-47,9,129,probe00,True,True,RT,
sub-NYU-47/sub-NYU-47_ses-288bfbf3-3700-4abe-b6e4-130b5c541e61_behavior+ecephys+image.nwb,2021-06-24 15:44:04.820380-04:00,NYU-47,19,516,probe01,True,True,SPVI,
sub-NYU-47/sub-NYU-47_ses-15948667-747b-4702-9d53-354ac70e9119_behavior+ecephys+image.nwb,2021-06-22 14:25:20.389828-04:00,NYU-47,24,379,probe00,True,True,CENT2,
sub-NYU-47/sub-NYU-47_ses-15948667-747b-4702-9d53-354ac70e9119_behavior+ecephys+image.nwb,2021-06-22 14:25:20.389828-04:00,NYU-47,24,351,probe01,True,True,SPVO,
sub-KS055/sub-KS055_ses-872ce8ff-9fb3-485c-be00-bc5479e0095b_behavior+ecephys.nwb,2021-05-03 17:15:07.722000+01:00,KS055,101,817,probe00,True,True,SUB,
sub-KS055/sub-KS055_ses-872ce8ff-9fb3-485c-be00-bc5479e0095b_behavior+ecephys.nwb,2021-05-03 17:15:07.722000+01:00,KS055,160,1137,probe01,True,True,SUB,
sub-KS055/sub-KS055_ses-b22f694e-4a34-4142-ab9d-2556c3487086_behavior+ecephys+image.nwb,2021-05-02 18:59:07.448000+01:00,KS055,65,474,probe00,True,True,VISa5,
sub-KS055/sub-KS055_ses-b22f694e-4a34-4142-ab9d-2556c3487086_behavior+ecephys+image.nwb,2021-05-02 18:59:07.448000+01:00,KS055,187,1100,probe01,True,True,ENTl6a,
sub-DY-013/sub-DY-013_ses-e535fb62-e245-4a48-b119-88ce62a6fe67_behavior+ecephys+image.nwb,2020-03-12 11:27:09.707868-07:00,DY_013,36,826,probe00,True,True,APN,
sub-DY-013/sub-DY-013_ses-e535fb62-e245-4a48-b119-88ce62a6fe67_behavior+ecephys+image.nwb,2020-03-12 11:27:09.707868-07:00,DY_013,33,280,probe01,True,True,int,
sub-DY-013/sub-DY-013_ses-2f63c555-eb74-4d8d-ada5-5c3ecf3b46be_behavior+ecephys+image.nwb,2020-03-06 13:13:20.963671-08:00,DY_013,11,305,probe00,True,True,CUL4 5,
sub-NYU-39/sub-NYU-39_ses-91a3353a-2da1-420d-8c7c-fad2fedfdd18_behavior+ecephys+image.nwb,2021-05-14 10:35:10.088690-04:00,NYU-39,13,199,probe00,True,True,CP,
sub-NYU-39/sub-NYU-39_ses-91a3353a-2da1-420d-8c7c-fad2fedfdd18_behavior+ecephys+image.nwb,2021-05-14 10:35:10.088690-04:00,NYU-39,41,377,probe01,True,True,CP,
sub-NYU-39/sub-NYU-39_ses-35ed605c-1a1a-47b1-86ff-2b56144f55af_behavior+ecephys+image.nwb,2021-05-11 10:32:22.626862-04:00,NYU-39,30,324,probe00,True,True,GPe,
sub-NYU-39/sub-NYU-39_ses-ee212778-3903-4f5b-ac4b-a72f22debf03_behavior+ecephys+image.nwb,2021-05-13 11:03:42.377844-04:00,NYU-39,41,360,probe00,True,True,int,
sub-NYU-39/sub-NYU-39_ses-ee212778-3903-4f5b-ac4b-a72f22debf03_behavior+ecephys+image.nwb,2021-05-13 11:03:42.377844-04:00,NYU-39,59,456,probe01,True,True,PRNr,
sub-NYU-39/sub-NYU-39_ses-fa1f26a1-eb49-4b24-917e-19f02a18ac61_behavior+ecephys+image.nwb,2021-05-12 11:06:24.972443-04:00,NYU-39,19,182,probe00,True,True,BST,
sub-NYU-39/sub-NYU-39_ses-fa1f26a1-eb49-4b24-917e-19f02a18ac61_behavior+ecephys+image.nwb,2021-05-12 11:06:24.972443-04:00,NYU-39,61,558,probe01,True,True,ll,
sub-NYU-39/sub-NYU-39_ses-6ed57216-498d-48a6-b48b-a243a34710ea_behavior+ecephys+image.nwb,2021-05-10 15:33:49.023776-04:00,NYU-39,41,320,probe00,True,True,PO,
sub-NYU-39/sub-NYU-39_ses-6ed57216-498d-48a6-b48b-a243a34710ea_behavior+ecephys+image.nwb,2021-05-10 15:33:49.023776-04:00,NYU-39,41,420,probe01,True,True,PB,
sub-DY-009/sub-DY-009_ses-6668c4a0-70a4-4012-a7da-709660971d7a_behavior+ecephys+image.nwb,2020-03-09 13:58:36.294779-07:00,DY_009,73,626,probe00,True,True,CUL4 5,
sub-DY-009/sub-DY-009_ses-e5c772cd-9c92-47ab-9525-d618b66a9b5d_behavior+ecephys+image.nwb,2020-03-07 11:23:49.243763-08:00,DY_009,44,775,probe00,True,True,arb,
sub-DY-009/sub-DY-009_ses-a19c7a3a-7261-42ce-95d5-1f4ca46007ed_behavior+ecephys+image.nwb,2020-03-06 10:56:19.690196-08:00,DY_009,45,680,probe00,True,True,ICe,
sub-DY-009/sub-DY-009_ses-413a6825-2144-4a50-b3fc-cf38ddd6fd1a_behavior+ecephys+image.nwb,2020-03-05 10:52:46.108285-08:00,DY_009,37,427,probe00,True,True,VISp4,
sub-DY-009/sub-DY-009_ses-30e5937e-e86a-47e6-93ae-d2ae3877ff8e_behavior+ecephys+image.nwb,2020-03-04 10:54:41.009273-08:00,DY_009,83,487,probe00,True,True,MRN,
sub-DY-009/sub-DY-009_ses-158d5d35-a2ab-4a76-87b0-51048c5d5283_behavior+ecephys+image.nwb,2020-03-03 10:33:24.268660-08:00,DY_009,58,423,probe00,True,True,SUB,
sub-DY-009/sub-DY-009_ses-3c851386-e92d-4533-8d55-89a46f0e7384_behavior+ecephys+image.nwb,2020-03-02 10:23:52.857132-08:00,DY_009,50,327,probe00,True,True,ProS,
sub-DY-009/sub-DY-009_ses-3dd347df-f14e-40d5-9ff2-9c49f84d2157_behavior+ecephys+image.nwb,2020-02-29 10:52:14.501750-08:00,DY_009,80,401,probe00,True,True,NPC,
sub-DY-009/sub-DY-009_ses-db4df448-e449-4a6f-a0e7-288711e7a75a_behavior+ecephys+image.nwb,2020-02-27 11:59:23.251760-08:00,DY_009,85,465,probe00,True,True,LP,
sub-SWC-053/sub-SWC-053_ses-032452e9-1886-449d-9c13-0f192572e19f_behavior+ecephys+image.nwb,2020-11-12 18:53:10.045189+00:00,SWC_053,21,243,probe00,True,True,PRE,
sub-SWC-053/sub-SWC-053_ses-75b6b132-d998-4fba-8482-961418ac957d_behavior+ecephys+image.nwb,2020-11-11 17:04:55.260045+00:00,SWC_053,11,159,probe00,True,True,PGRNd,
sub-SWC-053/sub-SWC-053_ses-75b6b132-d998-4fba-8482-961418ac957d_behavior+ecephys+image.nwb,2020-11-11 17:04:55.260045+00:00,SWC_053,16,295,probe01,True,True,P5,
sub-SWC-053/sub-SWC-053_ses-239cdbb1-68e2-4eb0-91d8-ae5ae4001c7a_behavior+ecephys+image.nwb,2020-11-10 17:44:55.604031+00:00,SWC_053,15,295,probe00,True,True,MV,
sub-SWC-053/sub-SWC-053_ses-239cdbb1-68e2-4eb0-91d8-ae5ae4001c7a_behavior+ecephys+image.nwb,2020-11-10 17:44:55.604031+00:00,SWC_053,33,522,probe01,True,True,PB,
sub-SWC-052/sub-SWC-052_ses-22e04698-b974-4805-b241-3b547dbf37bf_behavior+ecephys+image.nwb,2020-10-21 19:40:54.444434+01:00,SWC_052,16,401,probe01,True,True,PRM,
sub-SWC-052/sub-SWC-052_ses-f84045b0-ce09-4ace-9d11-5ea491620707_behavior+ecephys+image.nwb,2020-10-23 22:23:32.570956+01:00,SWC_052,5,207,probe00,True,True,MB,
sub-SWC-052/sub-SWC-052_ses-f84045b0-ce09-4ace-9d11-5ea491620707_behavior+ecephys+image.nwb,2020-10-23 22:23:32.570956+01:00,SWC_052,12,335,probe01,True,True,ANcr2,
sub-SWC-052/sub-SWC-052_ses-7cb81727-2097-4b52-b480-c89867b5b34c_behavior+ecephys+image.nwb,2020-10-22 22:28:49.023280+01:00,SWC_052,12,139,probe00,True,True,APN,
sub-SWC-052/sub-SWC-052_ses-7cb81727-2097-4b52-b480-c89867b5b34c_behavior+ecephys+image.nwb,2020-10-22 22:28:49.023280+01:00,SWC_052,29,283,probe01,True,True,POL,
sub-SWC-052/sub-SWC-052_ses-fc14c0d6-51cf-48ba-b326-56ed5a9420c3_behavior+ecephys+image.nwb,2020-10-18 20:16:11.714003+01:00,SWC_052,64,381,probe00,True,True,IRN,
sub-SWC-052/sub-SWC-052_ses-1928bf72-2002-46a6-8930-728420402e01_behavior+ecephys+image.nwb,2020-10-20 20:09:51.398323+01:00,SWC_052,15,216,probe00,True,True,HATA,
sub-SWC-052/sub-SWC-052_ses-1928bf72-2002-46a6-8930-728420402e01_behavior+ecephys+image.nwb,2020-10-20 20:09:51.398323+01:00,SWC_052,34,537,probe01,True,True,MDRNd,
sub-SWC-052/sub-SWC-052_ses-7416f387-b302-4ca3-8daf-03b585a1b7ec_behavior+ecephys+image.nwb,2020-10-19 20:35:31.641686+01:00,SWC_052,11,357,probe00,True,True,SPVI,
sub-SWC-052/sub-SWC-052_ses-7416f387-b302-4ca3-8daf-03b585a1b7ec_behavior+ecephys+image.nwb,2020-10-19 20:35:31.641686+01:00,SWC_052,6,87,probe01,True,True,CUL4 5,
sub-SWC-052/sub-SWC-052_ses-45ef6691-7b80-4a43-bd1a-85fc00851ae8_behavior+ecephys+image.nwb,2020-10-17 16:32:40.937387+01:00,SWC_052,24,416,probe00,True,True,IRN,
sub-SWC-052/sub-SWC-052_ses-45ef6691-7b80-4a43-bd1a-85fc00851ae8_behavior+ecephys+image.nwb,2020-10-17 16:32:40.937387+01:00,SWC_052,24,368,probe01,True,True,MB,
sub-ZFM-01577/sub-ZFM-01577_ses-63f3dbc1-1a5f-44e5-98dd-ce25cd2b7871_behavior+ecephys+image.nwb,2020-10-30 16:41:20.275756+00:00,ZFM-01577,57,576,probe00,True,True,CENT2,
sub-ZFM-01577/sub-ZFM-01577_ses-09b2c4d1-058d-4c84-9fd4-97530f85baf6_behavior+ecephys+image.nwb,2020-10-28 15:04:48+00:00,ZFM-01577,95,554,probe00,True,True,ProS,
sub-ZFM-01577/sub-ZFM-01577_ses-09b2c4d1-058d-4c84-9fd4-97530f85baf6_behavior+ecephys+image.nwb,2020-10-28 15:04:48+00:00,ZFM-01577,39,467,probe01,True,True,PARN,
sub-ZFM-01577/sub-ZFM-01577_ses-5d6aa933-4b00-4e99-ae2d-5003657592e9_behavior+ecephys+image.nwb,2020-10-29 15:38:41+00:00,ZFM-01577,33,469,probe00,True,True,CENT2,
sub-ZFM-01577/sub-ZFM-01577_ses-5d6aa933-4b00-4e99-ae2d-5003657592e9_behavior+ecephys+image.nwb,2020-10-29 15:38:41+00:00,ZFM-01577,68,797,probe01,True,True,CA1,
sub-PL017/sub-PL017_ses-cea755db-4eee-4138-bdd6-fc23a572f5a1_behavior+ecephys.nwb,2021-12-01 19:20:34.408424+00:00,PL017,64,629,probe00,True,True,PRNr,
sub-PL017/sub-PL017_ses-1b61b7f2-a599-4e40-abd6-3e758d2c9e25_behavior+ecephys+image.nwb,2021-11-30 22:08:42.177338+00:00,PL017,18,327,probe00,True,True,MB,
sub-PL017/sub-PL017_ses-f27e6cd6-cdd3-4524-b8e3-8146046e2a7d_behavior+ecephys+image.nwb,2021-11-15 19:17:58.127886+00:00,PL017,73,539,probe00,True,True,PF,
sub-PL017/sub-PL017_ses-8b1f4024-3d96-4ee7-95f9-8a1dfd4ce4ef_behavior+ecephys+image.nwb,2021-11-09 19:32:47.033823+00:00,PL017,8,205,probe00,True,True,APN,
sub-PL017/sub-PL017_ses-68775ca0-b056-48d5-b6ae-a4c2a76ae48f_behavior+ecephys+image.nwb,2021-11-14 19:54:34.357852+00:00,PL017,68,573,probe00,True,True,SCig,
sub-PL017/sub-PL017_ses-10fac7a1-919d-4ca7-83c4-4675bd8d9416_behavior+ecephys+image.nwb,2021-11-07 18:38:50.488334+00:00,PL017,74,649,probe00,True,True,dhc,
sub-CSHL045/sub-CSHL045_ses-46794e05-3f6a-4d35-afb3-9165091a5a74_behavior+ecephys+image.nwb,2020-02-27 15:12:57-05:00,CSHL045,37,590,probe01,True,True,GRN,
sub-CSHL045/sub-CSHL045_ses-7939711b-8b4d-4251-b698-b97c1eaa846e_behavior+ecephys+image.nwb,2020-02-28 10:07:18-05:00,CSHL045,29,610,probe01,True,True,IRN,
sub-CSHL045/sub-CSHL045_ses-dfd8e7df-dc51-4589-b6ca-7baccfeb94b4_behavior+ecephys+image.nwb,2020-02-25 09:53:24-05:00,CSHL045,43,383,probe01,True,True,int,
sub-CSHL045/sub-CSHL045_ses-034e726f-b35f-41e0-8d6c-a22cc32391fb_behavior+ecephys+image.nwb,2020-02-24 14:41:02-05:00,CSHL045,47,434,probe00,True,True,LGd-co,
sub-CSHL045/sub-CSHL045_ses-034e726f-b35f-41e0-8d6c-a22cc32391fb_behavior+ecephys+image.nwb,2020-02-24 14:41:02-05:00,CSHL045,28,320,probe01,True,True,AV,
sub-CSHL045/sub-CSHL045_ses-fa704052-147e-46f6-b190-a65b837e605e_behavior+ecephys+image.nwb,2020-02-26 14:48:55-05:00,CSHL045,39,365,probe00,True,True,RSPagl5,
sub-CSHL045/sub-CSHL045_ses-fa704052-147e-46f6-b190-a65b837e605e_behavior+ecephys+image.nwb,2020-02-26 14:48:55-05:00,CSHL045,37,430,probe01,True,True,MB,
sub-KS086/sub-KS086_ses-ffef0311-8ffa-49e3-a857-b3adf6d86e12_behavior+ecephys+image.nwb,2022-03-16 14:09:03.310000+00:00,KS086,60,675,probe00,True,True,CP,
sub-KS086/sub-KS086_ses-e45481fa-be22-4365-972c-e7404ed8ab5a_behavior+ecephys+image.nwb,2022-03-15 15:38:13.431000+00:00,KS086,97,641,probe00,True,True,PIR,
sub-KS086/sub-KS086_ses-e45481fa-be22-4365-972c-e7404ed8ab5a_behavior+ecephys+image.nwb,2022-03-15 15:38:13.431000+00:00,KS086,37,252,probe01,True,True,CA1,
sub-ZFM-02372/sub-ZFM-02372_ses-7cec9792-b8f9-4878-be7e-f08103dc0323_behavior+ecephys+image.nwb,2021-06-02 12:08:28+01:00,ZFM-02372,15,296,probe00,True,True,PAG,
sub-ZFM-02372/sub-ZFM-02372_ses-88224abb-5746-431f-9c17-17d7ef806e6a_behavior+ecephys+image.nwb,2021-06-01 13:15:33+01:00,ZFM-02372,96,505,probe00,True,True,PO,
sub-ZFM-02372/sub-ZFM-02372_ses-88224abb-5746-431f-9c17-17d7ef806e6a_behavior+ecephys+image.nwb,2021-06-01 13:15:33+01:00,ZFM-02372,50,272,probe01,True,True,MB,
sub-KS096/sub-KS096_ses-a2701b93-d8e1-47e9-a819-f1063046f3e7_behavior+ecephys+image.nwb,2022-06-21 17:44:14.985000+01:00,KS096,16,275,probe00,True,True,CA1,
sub-KS096/sub-KS096_ses-446f4724-1690-49f9-819a-2bd8e2ea88ce_behavior+ecephys+image.nwb,2022-06-20 16:46:15.609000+01:00,KS096,43,691,probe00,True,True,CA1,
sub-KS096/sub-KS096_ses-8928f98a-b411-497e-aa4b-aa752434686d_behavior+ecephys+image.nwb,2022-06-17 15:27:55.990000+01:00,KS096,20,366,probe00,True,True,CUL4 5,
sub-KS096/sub-KS096_ses-8928f98a-b411-497e-aa4b-aa752434686d_behavior+ecephys+image.nwb,2022-06-17 15:27:55.990000+01:00,KS096,125,711,probe01,True,True,PO,
sub-KS096/sub-KS096_ses-f819d499-8bf7-4da0-a431-15377a8319d5_behavior+ecephys+image.nwb,2022-06-16 15:04:08.971000+01:00,KS096,20,490,probe00,True,True,PFL,
sub-KS096/sub-KS096_ses-f819d499-8bf7-4da0-a431-15377a8319d5_behavior+ecephys+image.nwb,2022-06-16 15:04:08.971000+01:00,KS096,40,477,probe01,True,True,RSPd5,
sub-KS096/sub-KS096_ses-1b9e349e-93f2-41cc-a4b5-b212d7ddc8df_behavior+ecephys+image.nwb,2022-06-15 19:31:36.498000+01:00,KS096,34,620,probe00,True,True,SIM,
sub-KS096/sub-KS096_ses-1b9e349e-93f2-41cc-a4b5-b212d7ddc8df_behavior+ecephys+image.nwb,2022-06-15 19:31:36.498000+01:00,KS096,57,577,probe01,True,True,RN,
sub-CSH-ZAD-011/sub-CSH-ZAD-011_ses-5b44c40f-80f4-44fb-abfb-c7f19e27a6ca_behavior+ecephys+image.nwb,2020-03-21 14:17:23-04:00,CSH_ZAD_011,46,553,probe00,True,True,MB,
sub-CSH-ZAD-011/sub-CSH-ZAD-011_ses-5b44c40f-80f4-44fb-abfb-c7f19e27a6ca_behavior+ecephys+image.nwb,2020-03-21 14:17:23-04:00,CSH_ZAD_011,27,389,probe01,True,True,PAR,
sub-CSH-ZAD-011/sub-CSH-ZAD-011_ses-da188f2c-553c-4e04-879b-c9ea2d1b9a93_behavior+ecephys+image.nwb,2020-03-23 12:58:00-04:00,CSH_ZAD_011,31,314,probe00,True,True,MRN,
sub-CSH-ZAD-011/sub-CSH-ZAD-011_ses-da188f2c-553c-4e04-879b-c9ea2d1b9a93_behavior+ecephys+image.nwb,2020-03-23 12:58:00-04:00,CSH_ZAD_011,113,978,probe01,True,True,ProS,
sub-ibl-witten-17/sub-ibl-witten-17_ses-dcceebe5-4589-44df-a1c1-9fa33e779727_behavior+ecephys.nwb,2020-07-23 14:59:03-04:00,ibl_witten_17,4,133,probe00,True,True,AV,
sub-ibl-witten-17/sub-ibl-witten-17_ses-d832d9f7-c96a-4f63-8921-516ba4a7b61f_behavior+ecephys.nwb,2020-07-22 16:22:29-04:00,ibl_witten_17,3,294,probe01,True,True,AV,
sub-CSH-ZAD-019/sub-CSH-ZAD-019_ses-edd22318-216c-44ff-bc24-49ce8be78374_behavior+ecephys+image.nwb,2020-08-19 11:31:40-04:00,CSH_ZAD_019,44,440,probe00,True,True,RSPd6a,
sub-CSH-ZAD-019/sub-CSH-ZAD-019_ses-edd22318-216c-44ff-bc24-49ce8be78374_behavior+ecephys+image.nwb,2020-08-19 11:31:40-04:00,CSH_ZAD_019,34,386,probe01,True,True,APN,
sub-CSH-ZAD-019/sub-CSH-ZAD-019_ses-5adab0b7-dfd0-467d-b09d-43cb7ca5d59c_behavior+ecephys+image.nwb,2020-08-16 07:39:40-04:00,CSH_ZAD_019,120,848,probe00,True,True,MOp5,
sub-CSH-ZAD-019/sub-CSH-ZAD-019_ses-5adab0b7-dfd0-467d-b09d-43cb7ca5d59c_behavior+ecephys+image.nwb,2020-08-16 07:39:40-04:00,CSH_ZAD_019,65,655,probe01,True,True,VPM,
sub-CSH-ZAD-019/sub-CSH-ZAD-019_ses-49e0ab27-827a-4c91-bcaa-97eea27a1b8d_behavior+ecephys+image.nwb,2020-08-18 07:41:02-04:00,CSH_ZAD_019,47,527,probe00,True,True,RSPv5,
sub-CSH-ZAD-019/sub-CSH-ZAD-019_ses-49e0ab27-827a-4c91-bcaa-97eea27a1b8d_behavior+ecephys+image.nwb,2020-08-18 07:41:02-04:00,CSH_ZAD_019,42,483,probe01,True,True,APN,
sub-CSH-ZAD-019/sub-CSH-ZAD-019_ses-7f6b86f9-879a-4ea2-8531-294a221af5d0_behavior+ecephys+image.nwb,2020-08-14 11:36:42-04:00,CSH_ZAD_019,27,547,probe00,True,True,APN,
sub-CSH-ZAD-019/sub-CSH-ZAD-019_ses-7f6b86f9-879a-4ea2-8531-294a221af5d0_behavior+ecephys+image.nwb,2020-08-14 11:36:42-04:00,CSH_ZAD_019,87,794,probe01,True,True,CA1,
sub-CSH-ZAD-026/sub-CSH-ZAD-026_ses-15763234-d21e-491f-a01b-1238eb96d389_behavior+ecephys+image.nwb,2020-09-04 08:15:40-04:00,CSH_ZAD_026,100,711,probe00,True,True,PO,
sub-CSH-ZAD-026/sub-CSH-ZAD-026_ses-b69b86be-af7d-4ecf-8cbf-0cd356afa1bd_behavior+ecephys+image.nwb,2020-08-19 14:53:39-04:00,CSH_ZAD_026,60,540,probe00,True,True,CP,
sub-CSH-ZAD-026/sub-CSH-ZAD-026_ses-b69b86be-af7d-4ecf-8cbf-0cd356afa1bd_behavior+ecephys+image.nwb,2020-08-19 14:53:39-04:00,CSH_ZAD_026,75,824,probe01,True,True,ml,
sub-CSH-ZAD-026/sub-CSH-ZAD-026_ses-e56541a5-a6d5-4750-b1fe-f6b5257bfe7c_behavior+ecephys+image.nwb,2020-08-15 07:52:05-04:00,CSH_ZAD_026,61,831,probe00,True,True,CP,
sub-CSH-ZAD-026/sub-CSH-ZAD-026_ses-626126d5-eecf-4e9b-900e-ec29a17ece07_behavior+ecephys+image.nwb,2020-08-18 13:33:19-04:00,CSH_ZAD_026,87,675,probe00,True,True,CP,
sub-CSH-ZAD-026/sub-CSH-ZAD-026_ses-626126d5-eecf-4e9b-900e-ec29a17ece07_behavior+ecephys+image.nwb,2020-08-18 13:33:19-04:00,CSH_ZAD_026,90,865,probe01,True,True,CP,
sub-CSH-ZAD-026/sub-CSH-ZAD-026_ses-81a78eac-9d36-4f90-a73a-7eb3ad7f770b_behavior+ecephys+image.nwb,2020-08-17 08:20:00-04:00,CSH_ZAD_026,109,548,probe00,True,True,CP,
sub-CSH-ZAD-026/sub-CSH-ZAD-026_ses-81a78eac-9d36-4f90-a73a-7eb3ad7f770b_behavior+ecephys+image.nwb,2020-08-17 08:20:00-04:00,CSH_ZAD_026,124,913,probe01,True,True,MOp6a,
sub-CSH-ZAD-026/sub-CSH-ZAD-026_ses-5d01d14e-aced-4465-8f8e-9a1c674f62ec_behavior+ecephys+image.nwb,2020-08-14 08:16:11-04:00,CSH_ZAD_026,64,613,probe00,True,True,MRN,
sub-CSH-ZAD-026/sub-CSH-ZAD-026_ses-5d01d14e-aced-4465-8f8e-9a1c674f62ec_behavior+ecephys+image.nwb,2020-08-14 08:16:11-04:00,CSH_ZAD_026,153,1108,probe01,True,True,CP,
sub-CSH-ZAD-022/sub-CSH-ZAD-022_ses-b81e3e11-9a60-4114-b894-09f85074d9c3_behavior+ecephys.nwb,2020-05-27 12:58:18-04:00,CSH_ZAD_022,23,249,probe00,True,True,MB,
sub-CSH-ZAD-022/sub-CSH-ZAD-022_ses-90e74228-fd1a-482f-bd56-05dbad132861_behavior+ecephys+image.nwb,2020-05-26 13:52:57.538585-04:00,CSH_ZAD_022,49,381,probe00,True,True,LHA,
sub-CSH-ZAD-022/sub-CSH-ZAD-022_ses-1eac875c-feaa-4a30-b148-059b954b11d8_behavior+ecephys+image.nwb,2020-05-20 13:26:28-04:00,CSH_ZAD_022,35,392,probe01,True,True,SIM,
sub-CSH-ZAD-022/sub-CSH-ZAD-022_ses-6a601cc5-7b79-4c75-b0e8-552246532f82_behavior+ecephys.nwb,2020-05-25 14:00:55-04:00,CSH_ZAD_022,67,601,probe00,True,True,CA1,
sub-CSH-ZAD-022/sub-CSH-ZAD-022_ses-6a601cc5-7b79-4c75-b0e8-552246532f82_behavior+ecephys.nwb,2020-05-25 14:00:55-04:00,CSH_ZAD_022,55,548,probe01,True,True,CS,
sub-CSH-ZAD-022/sub-CSH-ZAD-022_ses-a82800ce-f4e3-4464-9b80-4c3d6fade333_behavior+ecephys.nwb,2020-05-24 07:44:56-04:00,CSH_ZAD_022,32,377,probe00,True,True,APN,
sub-CSH-ZAD-022/sub-CSH-ZAD-022_ses-a82800ce-f4e3-4464-9b80-4c3d6fade333_behavior+ecephys.nwb,2020-05-24 07:44:56-04:00,CSH_ZAD_022,89,704,probe01,True,True,LGd-co,
sub-CSH-ZAD-022/sub-CSH-ZAD-022_ses-8db36de1-8f17-4446-b527-b5d91909b45a_behavior+ecephys+image.nwb,2020-05-19 14:45:35-04:00,CSH_ZAD_022,85,1174,probe01,True,True,CUL4 5,
sub-CSH-ZAD-022/sub-CSH-ZAD-022_ses-41431f53-69fd-4e3b-80ce-ea62e03bf9c7_behavior+ecephys+image.nwb,2020-05-21 13:18:46-04:00,CSH_ZAD_022,34,437,probe00,True,True,MV,
sub-CSH-ZAD-022/sub-CSH-ZAD-022_ses-41431f53-69fd-4e3b-80ce-ea62e03bf9c7_behavior+ecephys+image.nwb,2020-05-21 13:18:46-04:00,CSH_ZAD_022,102,924,probe01,True,True,VISp5,
sub-KS094/sub-KS094_ses-c8d46ee6-eb68-4535-8756-7c9aa32f10e4_behavior+ecephys+image.nwb,2022-06-20 14:36:20.811000+01:00,KS094,104,1064,probe00,True,True,GU5,
sub-KS094/sub-KS094_ses-3f859b5c-e73a-4044-b49e-34bb81e96715_behavior+ecephys+image.nwb,2022-06-17 11:52:31.281000+01:00,KS094,91,938,probe00,True,True,AUDp5,
sub-KS094/sub-KS094_ses-3f859b5c-e73a-4044-b49e-34bb81e96715_behavior+ecephys+image.nwb,2022-06-17 11:52:31.281000+01:00,KS094,118,901,probe01,True,True,PO,
sub-KS094/sub-KS094_ses-6b0b5d24-bcda-4053-a59c-beaa1fe03b8f_behavior+ecephys+image.nwb,2022-06-15 16:17:37.167000+01:00,KS094,68,889,probe00,True,True,AUDp5,
sub-KS094/sub-KS094_ses-6b0b5d24-bcda-4053-a59c-beaa1fe03b8f_behavior+ecephys+image.nwb,2022-06-15 16:17:37.167000+01:00,KS094,24,459,probe01,True,True,AON,
sub-KS094/sub-KS094_ses-752456f3-9f47-4fbf-bd44-9d131c0f41aa_behavior+ecephys+image.nwb,2022-06-16 11:49:20.330000+01:00,KS094,57,504,probe00,True,True,AUDp5,
sub-KS094/sub-KS094_ses-752456f3-9f47-4fbf-bd44-9d131c0f41aa_behavior+ecephys+image.nwb,2022-06-16 11:49:20.330000+01:00,KS094,14,267,probe01,True,True,AON,
sub-ZFM-01935/sub-ZFM-01935_ses-ab8a0899-a59f-42e4-8807-95b14056104b_behavior+ecephys+image.nwb,2021-02-05 15:00:28.238458+00:00,ZFM-01935,99,880,probe00,True,True,MD,
sub-ZFM-01935/sub-ZFM-01935_ses-71e03be6-b497-4991-a121-9416dcc1a6e7_behavior+ecephys+image.nwb,2021-02-06 13:08:33.215355+00:00,ZFM-01935,91,480,probe00,True,True,MD,
sub-ZFM-01935/sub-ZFM-01935_ses-f5591ac5-311d-4fa8-9bad-029d7be9c491_behavior+ecephys+image.nwb,2021-02-04 16:11:12+00:00,ZFM-01935,29,289,probe00,True,True,BLAp,
sub-ZFM-01935/sub-ZFM-01935_ses-1a507308-c63a-4e02-8f32-3239a07dc578_behavior+ecephys+image.nwb,2021-02-03 16:29:23.315284+00:00,ZFM-01935,150,904,probe00,True,True,VPM,
sub-ZFM-01935/sub-ZFM-01935_ses-1a507308-c63a-4e02-8f32-3239a07dc578_behavior+ecephys+image.nwb,2021-02-03 16:29:23.315284+00:00,ZFM-01935,66,438,probe01,True,True,PO,
sub-ibl-witten-29/sub-ibl-witten-29_ses-58b1e920-cfc8-467e-b28b-7654a55d0977_behavior+ecephys+image.nwb,2021-06-19 14:40:09.528187-04:00,ibl_witten_29,30,298,probe00,True,True,VISp2/3,
sub-ibl-witten-29/sub-ibl-witten-29_ses-821f1883-27f3-411d-afd3-fb8241bbc39a_behavior+ecephys+image.nwb,2021-06-16 18:09:59.499946-04:00,ibl_witten_29,136,826,probe00,True,True,SSs6a,
sub-ibl-witten-29/sub-ibl-witten-29_ses-69a0e953-a643-4f0e-bb26-dc65af3ea7d7_behavior+ecephys+image.nwb,2021-06-17 18:13:49.818418-04:00,ibl_witten_29,20,233,probe00,True,True,VPL,
sub-ibl-witten-29/sub-ibl-witten-29_ses-86b6ba67-c1db-4333-add0-f8105ea6e363_behavior+ecephys+image.nwb,2021-06-18 15:08:52.379358-04:00,ibl_witten_29,15,323,probe00,True,True,SPVO,
sub-ibl-witten-29/sub-ibl-witten-29_ses-86b6ba67-c1db-4333-add0-f8105ea6e363_behavior+ecephys+image.nwb,2021-06-18 15:08:52.379358-04:00,ibl_witten_29,6,147,probe01,True,True,MRN,
sub-ibl-witten-29/sub-ibl-witten-29_ses-0cc486c3-8c7b-494d-aa04-b70e2690bcba_behavior+ecephys+image.nwb,2021-06-09 11:37:42.691314-04:00,ibl_witten_29,19,287,probe00,True,True,PH,
sub-ibl-witten-29/sub-ibl-witten-29_ses-e9fc0a2d-c69d-44d1-9fa3-314782387cae_behavior+ecephys+image.nwb,2021-06-10 12:55:23.288341-04:00,ibl_witten_29,43,428,probe00,True,True,GPe,
sub-ibl-witten-29/sub-ibl-witten-29_ses-af55d16f-0e31-4073-bdb5-26da54914aa2_behavior+ecephys.nwb,2021-06-14 13:29:00.626588-04:00,ibl_witten_29,73,644,probe00,True,True,CP,
sub-ibl-witten-29/sub-ibl-witten-29_ses-d2832a38-27f6-452d-91d6-af72d794136c_behavior+ecephys+image.nwb,2021-06-08 13:02:35-04:00,ibl_witten_29,92,524,probe00,True,True,PO,
sub-CSH-ZAD-029/sub-CSH-ZAD-029_ses-993c7024-0abc-4028-ad30-d397ad55b084_behavior+ecephys+image.nwb,2020-09-16 08:11:47-04:00,CSH_ZAD_029,34,480,probe00,True,True,MB,
sub-CSH-ZAD-029/sub-CSH-ZAD-029_ses-993c7024-0abc-4028-ad30-d397ad55b084_behavior+ecephys+image.nwb,2020-09-16 08:11:47-04:00,CSH_ZAD_029,63,738,probe01,True,True,CS,
sub-CSH-ZAD-029/sub-CSH-ZAD-029_ses-fece187f-b47f-4870-a1d6-619afe942a7d_behavior+ecephys+image.nwb,2020-09-17 11:15:31-04:00,CSH_ZAD_029,27,439,probe00,True,True,RT,
sub-CSH-ZAD-029/sub-CSH-ZAD-029_ses-fece187f-b47f-4870-a1d6-619afe942a7d_behavior+ecephys+image.nwb,2020-09-17 11:15:31-04:00,CSH_ZAD_029,80,677,probe01,True,True,PRNc,
sub-CSH-ZAD-029/sub-CSH-ZAD-029_ses-5522ac4b-0e41-4c53-836a-aaa17e82b9eb_behavior+ecephys+image.nwb,2020-09-15 10:17:26-04:00,CSH_ZAD_029,65,588,probe00,True,True,RSPv6a,
sub-CSH-ZAD-029/sub-CSH-ZAD-029_ses-5522ac4b-0e41-4c53-836a-aaa17e82b9eb_behavior+ecephys+image.nwb,2020-09-15 10:17:26-04:00,CSH_ZAD_029,64,603,probe01,True,True,MRN,
sub-CSH-ZAD-029/sub-CSH-ZAD-029_ses-fcd49e34-f07b-441c-b2ac-cb8c462ec5ac_behavior+ecephys+image.nwb,2020-09-14 08:08:05-04:00,CSH_ZAD_029,151,1325,probe00,True,True,DG-po,
sub-CSH-ZAD-029/sub-CSH-ZAD-029_ses-fcd49e34-f07b-441c-b2ac-cb8c462ec5ac_behavior+ecephys+image.nwb,2020-09-14 08:08:05-04:00,CSH_ZAD_029,101,1140,probe01,True,True,CA1,
sub-CSH-ZAD-029/sub-CSH-ZAD-029_ses-e349a2e7-50a3-47ca-bc45-20d1899854ec_behavior+ecephys+image.nwb,2020-09-11 08:30:36-04:00,CSH_ZAD_029,103,580,probe00,True,True,V,
sub-CSH-ZAD-029/sub-CSH-ZAD-029_ses-1ec23a70-b94b-4e9c-a0df-8c2151da3761_behavior+ecephys+image.nwb,2020-09-13 07:52:15-04:00,CSH_ZAD_029,59,858,probe00,True,True,CA1,
sub-CSH-ZAD-029/sub-CSH-ZAD-029_ses-1ec23a70-b94b-4e9c-a0df-8c2151da3761_behavior+ecephys+image.nwb,2020-09-13 07:52:15-04:00,CSH_ZAD_029,156,1303,probe01,True,True,CA1,
sub-NYU-12/sub-NYU-12_ses-032ffcdf-7692-40b3-b9ff-8def1fc18b2e_behavior+ecephys+image.nwb,2020-01-23 14:56:31-05:00,NYU-12,14,233,probe00,True,True,NB,
sub-NYU-12/sub-NYU-12_ses-032ffcdf-7692-40b3-b9ff-8def1fc18b2e_behavior+ecephys+image.nwb,2020-01-23 14:56:31-05:00,NYU-12,69,433,probe01,True,True,COApm,
sub-NYU-12/sub-NYU-12_ses-a8a8af78-16de-4841-ab07-fde4b5281a03_behavior+ecephys+image.nwb,2020-01-22 15:39:54-05:00,NYU-12,44,478,probe00,True,True,VPM,
sub-NYU-12/sub-NYU-12_ses-a8a8af78-16de-4841-ab07-fde4b5281a03_behavior+ecephys+image.nwb,2020-01-22 15:39:54-05:00,NYU-12,43,429,probe01,True,True,CA1,
sub-CSH-ZAD-001/sub-CSH-ZAD-001_ses-3e7ae7c0-fe8b-487c-9354-036236fa1010_behavior+ecephys+image.nwb,2020-01-16 15:53:21.500926-05:00,CSH_ZAD_001,23,264,probe00,True,True,MB,
sub-CSH-ZAD-001/sub-CSH-ZAD-001_ses-3e7ae7c0-fe8b-487c-9354-036236fa1010-chunking-27307-192_behavior+ecephys.nwb,2020-01-16 15:53:21.500926-05:00,CSH_ZAD_001,23,264,probe00,True,True,MB,
sub-CSH-ZAD-001/sub-CSH-ZAD-001_ses-3e7ae7c0-fe8b-487c-9354-036236fa1010-chunking-81920-64_behavior+ecephys.nwb,2020-01-16 15:53:21.500926-05:00,CSH_ZAD_001,23,264,probe00,True,True,MB,
sub-CSH-ZAD-001/sub-CSH-ZAD-001_ses-3e7ae7c0-fe8b-487c-9354-036236fa1010-chunking-54613-96_behavior+ecephys.nwb,2020-01-16 15:53:21.500926-05:00,CSH_ZAD_001,23,264,probe00,True,True,MB,
sub-CSH-ZAD-001/sub-CSH-ZAD-001_ses-3e7ae7c0-fe8b-487c-9354-036236fa1010-chunking-13653-384_behavior+ecephys.nwb,2020-01-16 15:53:21.500926-05:00,CSH_ZAD_001,23,264,probe00,True,True,MB,
sub-CSH-ZAD-001/sub-CSH-ZAD-001_ses-3e7ae7c0-fe8b-487c-9354-036236fa1010-chunking-163840-32_behavior+ecephys.nwb,2020-01-16 15:53:21.500926-05:00,CSH_ZAD_001,23,264,probe00,True,True,MB,
sub-CSH-ZAD-001/sub-CSH-ZAD-001_ses-3e7ae7c0-fe8b-487c-9354-036236fa1010-chunking-327680-16_behavior+ecephys.nwb,2020-01-16 15:53:21.500926-05:00,CSH_ZAD_001,23,264,probe00,True,True,MB,
sub-UCLA033/sub-UCLA033_ses-32d27583-56aa-4510-bc03-669036edad20_behavior+ecephys+image.nwb,2022-02-24 12:00:35.256877-08:00,UCLA033,35,610,probe00,True,True,MV,
sub-UCLA033/sub-UCLA033_ses-5455a21c-1be7-4cae-ae8e-8853a8d5f55e_behavior+ecephys.nwb,2022-02-17 15:47:20.440735-08:00,UCLA033,51,453,probe00,True,True,MOp2/3,
sub-UCLA033/sub-UCLA033_ses-111c1762-7908-47e0-9f40-2f2ee55b6505_behavior+ecephys+image.nwb,2022-02-15 16:57:00.789395-08:00,UCLA033,94,674,probe00,True,True,VISp6a,
sub-UCLA033/sub-UCLA033_ses-111c1762-7908-47e0-9f40-2f2ee55b6505_behavior+ecephys+image.nwb,2022-02-15 16:57:00.789395-08:00,UCLA033,109,974,probe01,True,True,SUB,
sub-ZM-3003/sub-ZM-3003_ses-934dd7a4-fbdc-459c-8830-04fe9033bc28_behavior+ecephys+image.nwb,2020-07-27 16:29:41+01:00,ZM_3003,91,341,probe01,True,True,HY,
sub-ZM-3003/sub-ZM-3003_ses-fe1fd79f-b051-411f-a0a9-2530a02cc78d_behavior+ecephys+image.nwb,2020-07-28 14:13:35+01:00,ZM_3003,60,384,probe00,True,True,RSPagl6a,
sub-ZM-3003/sub-ZM-3003_ses-fe1fd79f-b051-411f-a0a9-2530a02cc78d_behavior+ecephys+image.nwb,2020-07-28 14:13:35+01:00,ZM_3003,26,155,probe01,True,True,MEA,
sub-SWC-054/sub-SWC-054_ses-6bb5da8f-6858-4fdd-96d9-c34b3b841593_behavior+ecephys+image.nwb,2020-10-11 20:00:42.054571+01:00,SWC_054,15,139,probe00,True,True,mcp,
sub-SWC-054/sub-SWC-054_ses-91796ceb-e314-4859-9a1f-092f85cc846a_behavior+ecephys+image.nwb,2020-10-06 18:28:26.308562+01:00,SWC_054,51,703,probe01,True,True,COPY,
sub-SWC-054/sub-SWC-054_ses-eebacd5a-7dcd-4ba6-9dff-ec2a4d2f19e0_behavior+ecephys+image.nwb,2020-10-09 18:10:43.904513+01:00,SWC_054,47,320,probe00,True,True,GRN,
sub-SWC-054/sub-SWC-054_ses-eebacd5a-7dcd-4ba6-9dff-ec2a4d2f19e0_behavior+ecephys+image.nwb,2020-10-09 18:10:43.904513+01:00,SWC_054,25,327,probe01,True,True,SSp-bfd6a,
sub-SWC-054/sub-SWC-054_ses-671c7ea7-6726-4fbe-adeb-f89c2c8e489b_behavior+ecephys+image.nwb,2020-10-10 18:40:20.013723+01:00,SWC_054,35,426,probe00,True,True,GRN,
sub-SWC-054/sub-SWC-054_ses-671c7ea7-6726-4fbe-adeb-f89c2c8e489b_behavior+ecephys+image.nwb,2020-10-10 18:40:20.013723+01:00,SWC_054,21,242,probe01,True,True,RT,
sub-SWC-054/sub-SWC-054_ses-6c6983ef-7383-4989-9183-32b1a300d17a_behavior+ecephys+image.nwb,2020-10-07 18:20:13.449770+01:00,SWC_054,10,194,probe00,True,True,ENTl5,
sub-SWC-054/sub-SWC-054_ses-6c6983ef-7383-4989-9183-32b1a300d17a_behavior+ecephys+image.nwb,2020-10-07 18:20:13.449770+01:00,SWC_054,30,557,probe01,True,True,NOD,
sub-SWC-054/sub-SWC-054_ses-56b57c38-2699-4091-90a8-aba35103155e_behavior+ecephys+image.nwb,2020-10-05 19:15:05.974514+01:00,SWC_054,36,443,probe00,True,True,GRN,
sub-SWC-054/sub-SWC-054_ses-56b57c38-2699-4091-90a8-aba35103155e_behavior+ecephys+image.nwb,2020-10-05 19:15:05.974514+01:00,SWC_054,142,870,probe01,True,True,PO,
sub-NYU-46/sub-NYU-46_ses-64e3fb86-928c-4079-865c-b364205b502e_behavior+ecephys+image.nwb,2021-06-25 12:27:36.344556-04:00,NYU-46,39,181,probe01,True,True,AIp5,
sub-NYU-46/sub-NYU-46_ses-6434f2f5-6bce-42b8-8563-d93d493613a2_behavior+ecephys+image.nwb,2021-06-24 11:30:56.625079-04:00,NYU-46,72,445,probe00,True,True,PIR,
sub-NYU-46/sub-NYU-46_ses-d32876dd-8303-4720-8e7e-20678dc2fd71_behavior+ecephys+image.nwb,2021-06-22 10:57:41.436656-04:00,NYU-46,12,408,probe00,True,True,PIR,
sub-NYU-46/sub-NYU-46_ses-72982282-e493-45ee-87ce-aa45cb3a3ec1_behavior+ecephys+image.nwb,2021-06-23 11:00:37.574295-04:00,NYU-46,18,399,probe00,True,True,CP,
sub-NYU-46/sub-NYU-46_ses-72982282-e493-45ee-87ce-aa45cb3a3ec1_behavior+ecephys+image.nwb,2021-06-23 11:00:37.574295-04:00,NYU-46,9,250,probe01,True,True,PFL,
sub-ZM-1898/sub-ZM-1898_ses-53738f95-bd08-4d9d-9133-483fdb19e8da_behavior+ecephys+image.nwb,2019-12-11 11:02:46+00:00,ZM_1898,52,513,probe00,True,True,BMAp,
sub-ZM-1898/sub-ZM-1898_ses-21e16736-fd59-44c7-b938-9b1333d25da8_behavior+ecephys+image.nwb,2019-12-10 12:15:15+00:00,ZM_1898,75,620,probe00,True,True,BMAa,
sub-ZFM-01592/sub-ZFM-01592_ses-56bc129c-6265-407a-a208-cc16d20a6c01_behavior+ecephys+image.nwb,2020-10-23 15:11:03+01:00,ZFM-01592,56,424,probe00,True,True,CUL4 5,
sub-ZFM-01592/sub-ZFM-01592_ses-5b609f9b-75cb-43d3-9c39-b5b4b7a0db67_behavior+ecephys+image.nwb,2020-10-21 14:49:08+01:00,ZFM-01592,14,528,probe00,True,True,SIM,
sub-ZFM-01592/sub-ZFM-01592_ses-5b609f9b-75cb-43d3-9c39-b5b4b7a0db67_behavior+ecephys+image.nwb,2020-10-21 14:49:08+01:00,ZFM-01592,39,303,probe01,True,True,CA1,
sub-ZFM-01592/sub-ZFM-01592_ses-746d1902-fa59-4cab-b0aa-013be36060d5_behavior+ecephys+image.nwb,2020-10-20 13:44:19+01:00,ZFM-01592,167,847,probe00,True,True,PO,
sub-ZFM-01592/sub-ZFM-01592_ses-746d1902-fa59-4cab-b0aa-013be36060d5_behavior+ecephys+image.nwb,2020-10-20 13:44:19+01:00,ZFM-01592,40,490,probe01,True,True,GRN,
sub-NYU-40/sub-NYU-40_ses-f359281f-6941-4bfd-90d4-940be22ed3c3_behavior+ecephys+image.nwb,2021-04-16 10:57:39.049105-04:00,NYU-40,13,196,probe01,True,True,PRM,
sub-NYU-40/sub-NYU-40_ses-8ca740c5-e7fe-430a-aa10-e74e9c3cbbe8_behavior+ecephys+image.nwb,2021-04-14 10:20:37.778983-04:00,NYU-40,29,374,probe00,True,True,ENTm5,
sub-NYU-40/sub-NYU-40_ses-71855308-7e54-41d7-a7a4-b042e78e3b4f_behavior+ecephys+image.nwb,2021-04-15 10:42:00.876668-04:00,NYU-40,72,692,probe00,True,True,ANcr1,
sub-NYU-40/sub-NYU-40_ses-71855308-7e54-41d7-a7a4-b042e78e3b4f_behavior+ecephys+image.nwb,2021-04-15 10:42:00.876668-04:00,NYU-40,32,312,probe01,True,True,SIM,
sub-NYU-40/sub-NYU-40_ses-5157810e-0fff-4bcf-b19d-32d4e39c7dfc_behavior+ecephys+image.nwb,2021-04-13 11:28:53.043796-04:00,NYU-40,48,483,probe00,True,True,CUN,
sub-NYU-40/sub-NYU-40_ses-5157810e-0fff-4bcf-b19d-32d4e39c7dfc_behavior+ecephys+image.nwb,2021-04-13 11:28:53.043796-04:00,NYU-40,25,329,probe01,True,True,SPVO,
sub-PL015/sub-PL015_ses-1d4a7bd6-296a-48b9-b20e-bd0ac80750a5_behavior+ecephys+image.nwb,2022-07-21 16:08:53.428769+01:00,PL015,4,288,probe00,True,True,MD,
sub-PL015/sub-PL015_ses-90e524a2-aa63-47ce-b5b8-1b1941a1223a_behavior+ecephys+image.nwb,2022-02-23 18:08:23.719989+00:00,PL015,35,485,probe00,True,True,PRNr,
sub-PL015/sub-PL015_ses-09156021-9a1d-4e1d-ae59-48cbde3c5d42_behavior+ecephys+image.nwb,2022-02-22 17:52:14.226827+00:00,PL015,59,577,probe00,True,True,VISal5,
sub-PL015/sub-PL015_ses-9a6e127b-bb07-4be2-92e2-53dd858c2762_behavior+ecephys+image.nwb,2022-02-21 16:49:18.494416+00:00,PL015,76,703,probe00,True,True,CA1,
sub-PL015/sub-PL015_ses-64977c74-9c04-437a-9ea1-50386c4996db_behavior+ecephys+image.nwb,2022-02-20 16:09:07.326998+00:00,PL015,45,545,probe00,True,True,CA1,
sub-CSHL052/sub-CSHL052_ses-5386aba9-9b97-4557-abcd-abc2da66b863_behavior+ecephys+image.nwb,2020-02-19 15:33:58-05:00,CSHL052,31,276,probe00,True,True,VAL,
sub-CSHL052/sub-CSHL052_ses-4b00df29-3769-43be-bb40-128b1cba6d35_behavior+ecephys+image.nwb,2020-02-21 13:24:45-05:00,CSHL052,38,290,probe00,True,True,LP,
sub-CSHL052/sub-CSHL052_ses-4b00df29-3769-43be-bb40-128b1cba6d35_behavior+ecephys+image.nwb,2020-02-21 13:24:45-05:00,CSHL052,27,292,probe01,True,True,MGm,
sub-CSHL052/sub-CSHL052_ses-83e77b4b-dfa0-4af9-968b-7ea0c7a0c7e4_behavior+ecephys+image.nwb,2020-02-20 13:15:02-05:00,CSHL052,41,297,probe00,True,True,LGd-ip,
sub-CSHL052/sub-CSHL052_ses-83e77b4b-dfa0-4af9-968b-7ea0c7a0c7e4_behavior+ecephys+image.nwb,2020-02-20 13:15:02-05:00,CSHL052,21,270,probe01,True,True,CA1,
sub-CSHL052/sub-CSHL052_ses-3663d82b-f197-4e8b-b299-7b803a155b84_behavior+ecephys+image.nwb,2020-02-17 17:20:40-05:00,CSHL052,39,419,probe00,True,True,SSp-un5,
sub-CSHL052/sub-CSHL052_ses-3663d82b-f197-4e8b-b299-7b803a155b84_behavior+ecephys+image.nwb,2020-02-17 17:20:40-05:00,CSHL052,39,1536,probe01,True,True,VPM,
sub-ZM-2241/sub-ZM-2241_ses-e49d8ee7-24b9-416a-9d04-9be33b655f40_behavior+ecephys+image.nwb,2020-01-29 14:49:34+00:00,ZM_2241,55,535,probe00,True,True,CP,
sub-ZM-2241/sub-ZM-2241_ses-f8d5c8b0-b931-4151-b86c-c471e2e80e5d_behavior+ecephys+image.nwb,2020-01-31 14:36:39+00:00,ZM_2241,162,665,probe00,True,True,MD,
sub-ZM-2241/sub-ZM-2241_ses-f8d5c8b0-b931-4151-b86c-c471e2e80e5d_behavior+ecephys+image.nwb,2020-01-31 14:36:39+00:00,ZM_2241,92,422,probe01,True,True,APN,
sub-ZM-2241/sub-ZM-2241_ses-465c44bd-2e67-4112-977b-36e1ac7e3f8c_behavior+ecephys+image.nwb,2020-01-28 12:54:56+00:00,ZM_2241,90,564,probe00,True,True,AV,
sub-ZM-2241/sub-ZM-2241_ses-465c44bd-2e67-4112-977b-36e1ac7e3f8c_behavior+ecephys+image.nwb,2020-01-28 12:54:56+00:00,ZM_2241,105,800,probe01,True,True,CP,
sub-ZM-2241/sub-ZM-2241_ses-ee40aece-cffd-4edb-a4b6-155f158c666a_behavior+ecephys+image.nwb,2020-01-30 15:43:49+00:00,ZM_2241,144,765,probe00,True,True,Eth,
sub-ZM-2241/sub-ZM-2241_ses-ee40aece-cffd-4edb-a4b6-155f158c666a_behavior+ecephys+image.nwb,2020-01-30 15:43:49+00:00,ZM_2241,119,602,probe01,True,True,MD,
sub-ZM-2241/sub-ZM-2241_ses-ff4187b5-4176-4e39-8894-53a24b7cf36b_behavior+ecephys+image.nwb,2020-01-27 16:52:30+00:00,ZM_2241,143,787,probe00,True,True,MOs5,
sub-ZM-2241/sub-ZM-2241_ses-ff4187b5-4176-4e39-8894-53a24b7cf36b_behavior+ecephys+image.nwb,2020-01-27 16:52:30+00:00,ZM_2241,151,853,probe01,True,True,CP,
sub-KS043/sub-KS043_ses-e5c75b62-6871-4135-b3d0-f6464c2d90c0_behavior+ecephys+image.nwb,2020-12-07 17:03:38.861000+00:00,KS043,24,191,probe00,True,True,ENTl3,
sub-KS043/sub-KS043_ses-e5c75b62-6871-4135-b3d0-f6464c2d90c0_behavior+ecephys+image.nwb,2020-12-07 17:03:38.861000+00:00,KS043,25,392,probe01,True,True,ICd,
sub-KS043/sub-KS043_ses-9468fa93-21ae-4984-955c-e8402e280c83_behavior+ecephys+image.nwb,2020-12-06 19:05:47.902000+00:00,KS043,38,411,probe00,True,True,VII,
sub-KS043/sub-KS043_ses-9468fa93-21ae-4984-955c-e8402e280c83_behavior+ecephys+image.nwb,2020-12-06 19:05:47.902000+00:00,KS043,61,367,probe01,True,True,PVT,
sub-SWC-061/sub-SWC-061_ses-d7e60cc3-6020-429e-a654-636c6cc677ea_behavior+ecephys+image.nwb,2020-11-30 19:34:05.062484+00:00,SWC_061,41,292,probe00,True,True,PO,
sub-SWC-061/sub-SWC-061_ses-d7e60cc3-6020-429e-a654-636c6cc677ea_behavior+ecephys+image.nwb,2020-11-30 19:34:05.062484+00:00,SWC_061,34,325,probe01,True,True,LSr,
sub-SWC-061/sub-SWC-061_ses-360eac0c-7d2d-4cc1-9dcf-79fc7afc56e7_behavior+ecephys+image.nwb,2020-11-26 21:17:19.337338+00:00,SWC_061,74,416,probe00,True,True,CP,
sub-SWC-061/sub-SWC-061_ses-360eac0c-7d2d-4cc1-9dcf-79fc7afc56e7_behavior+ecephys+image.nwb,2020-11-26 21:17:19.337338+00:00,SWC_061,51,366,probe01,True,True,AON,
sub-SWC-061/sub-SWC-061_ses-493170a6-fd94-4ee4-884f-cc018c17eeb9_behavior+ecephys+image.nwb,2020-11-23 21:44:49.072666+00:00,SWC_061,73,345,probe00,True,True,CP,
sub-SWC-061/sub-SWC-061_ses-493170a6-fd94-4ee4-884f-cc018c17eeb9_behavior+ecephys+image.nwb,2020-11-23 21:44:49.072666+00:00,SWC_061,56,378,probe01,True,True,PIR,
sub-ZFM-02370/sub-ZFM-02370_ses-6f6d2c8e-28be-49f4-ae4d-06be2d3148c1_behavior+ecephys+image.nwb,2021-04-28 11:32:40+01:00,ZFM-02370,248,896,probe00,True,True,STR,
sub-ZFM-02370/sub-ZFM-02370_ses-d0c91c3c-8cbb-4929-8657-31f18bffc294_behavior+ecephys+image.nwb,2021-04-27 16:24:46+01:00,ZFM-02370,44,306,probe00,True,True,PIR,
sub-DY-016/sub-DY-016_ses-251ece37-7798-477c-8a06-2845d4aa270c_behavior+ecephys+image.nwb,2020-09-15 10:59:41.388445-07:00,DY_016,35,420,probe00,True,True,CENT2,
sub-DY-016/sub-DY-016_ses-251ece37-7798-477c-8a06-2845d4aa270c_behavior+ecephys+image.nwb,2020-09-15 10:59:41.388445-07:00,DY_016,52,828,probe01,True,True,PRM,
sub-DY-016/sub-DY-016_ses-aa20388b-9ea3-4506-92f1-3c2be84b85db_behavior+ecephys+image.nwb,2020-09-14 10:37:48.446682-07:00,DY_016,41,388,probe00,True,True,PAG,
sub-DY-016/sub-DY-016_ses-aa20388b-9ea3-4506-92f1-3c2be84b85db_behavior+ecephys+image.nwb,2020-09-14 10:37:48.446682-07:00,DY_016,112,746,probe01,True,True,CP,
sub-DY-016/sub-DY-016_ses-c3d9b6fb-7fa9-4413-a364-92a54df0fc5d_behavior+ecephys+image.nwb,2020-09-13 11:25:28.600321-07:00,DY_016,47,619,probe00,True,True,PSV,
sub-DY-016/sub-DY-016_ses-c3d9b6fb-7fa9-4413-a364-92a54df0fc5d_behavior+ecephys+image.nwb,2020-09-13 11:25:28.600321-07:00,DY_016,39,875,probe01,True,True,SPVO,
sub-DY-016/sub-DY-016_ses-d23a44ef-1402-4ed7-97f5-47e9a7a504d9_behavior+ecephys+image.nwb,2020-09-12 12:34:17.200191-07:00,DY_016,83,514,probe00,True,True,PO,
sub-DY-016/sub-DY-016_ses-d23a44ef-1402-4ed7-97f5-47e9a7a504d9_behavior+ecephys+image.nwb,2020-09-12 12:34:17.200191-07:00,DY_016,47,655,probe01,True,True,DCO,
sub-DY-016/sub-DY-016_ses-5339812f-8b91-40ba-9d8f-a559563cc46b_behavior+ecephys+image.nwb,2020-09-11 11:12:17.338937-07:00,DY_016,100,470,probe00,True,True,VPM,
sub-DY-016/sub-DY-016_ses-5339812f-8b91-40ba-9d8f-a559563cc46b_behavior+ecephys+image.nwb,2020-09-11 11:12:17.338937-07:00,DY_016,44,841,probe01,True,True,arb,
sub-ZFM-01937/sub-ZFM-01937_ses-113c5b6c-940e-4b21-b462-789b4c2be0e5_behavior+ecephys+image.nwb,2021-04-08 11:47:05+01:00,ZFM-01937,102,555,probe00,True,True,MOp5,
sub-ZFM-01937/sub-ZFM-01937_ses-0b7ee1b6-42db-46cd-a465-08f531366187_behavior+ecephys+image.nwb,2021-04-09 11:53:10.979739+01:00,ZFM-01937,56,335,probe00,True,True,SI,
sub-DY-020/sub-DY-020_ses-2e22c1fc-eec6-4856-85a0-7dba8668f646_behavior+ecephys+image.nwb,2020-10-06 11:01:15.882613-07:00,DY_020,23,289,probe00,True,True,MV,
sub-DY-020/sub-DY-020_ses-2e22c1fc-eec6-4856-85a0-7dba8668f646_behavior+ecephys+image.nwb,2020-10-06 11:01:15.882613-07:00,DY_020,111,630,probe01,True,True,MEA,
sub-DY-020/sub-DY-020_ses-948fd27b-507b-41b3-bdf8-f9f5f0af8e0b_behavior+ecephys+image.nwb,2020-10-05 10:46:02.430001-07:00,DY_020,40,424,probe00,True,True,MRN,
sub-DY-020/sub-DY-020_ses-948fd27b-507b-41b3-bdf8-f9f5f0af8e0b_behavior+ecephys+image.nwb,2020-10-05 10:46:02.430001-07:00,DY_020,59,417,probe01,True,True,PAL,
sub-DY-020/sub-DY-020_ses-e012d3e3-fdbc-4661-9ffa-5fa284e4e706_behavior+ecephys+image.nwb,2020-10-04 10:43:05.402530-07:00,DY_020,44,421,probe00,True,True,PPN,
sub-DY-020/sub-DY-020_ses-e012d3e3-fdbc-4661-9ffa-5fa284e4e706_behavior+ecephys+image.nwb,2020-10-04 10:43:05.402530-07:00,DY_020,33,434,probe01,True,True,PRNc,
sub-DY-020/sub-DY-020_ses-26aa51ff-968c-42e4-85c8-8ff47d19254d_behavior+ecephys+image.nwb,2020-10-03 11:00:29.202874-07:00,DY_020,35,450,probe00,True,True,PAG,
sub-DY-020/sub-DY-020_ses-26aa51ff-968c-42e4-85c8-8ff47d19254d_behavior+ecephys+image.nwb,2020-10-03 11:00:29.202874-07:00,DY_020,50,724,probe01,True,True,P,
sub-DY-020/sub-DY-020_ses-9fe512b8-92a8-4642-83b6-01158ab66c3c_behavior+ecephys+image.nwb,2020-10-02 10:43:33.527160-07:00,DY_020,42,378,probe00,True,True,POL,
sub-DY-020/sub-DY-020_ses-9fe512b8-92a8-4642-83b6-01158ab66c3c_behavior+ecephys+image.nwb,2020-10-02 10:43:33.527160-07:00,DY_020,30,618,probe01,True,True,PRNr,
sub-DY-020/sub-DY-020_ses-9eec761e-9762-4897-b308-a3a08c311e69_behavior+ecephys+image.nwb,2020-10-01 11:45:04.206189-07:00,DY_020,23,189,probe00,True,True,APN,
sub-DY-020/sub-DY-020_ses-9eec761e-9762-4897-b308-a3a08c311e69_behavior+ecephys+image.nwb,2020-10-01 11:45:04.206189-07:00,DY_020,48,548,probe01,True,True,PRNr,
sub-DY-020/sub-DY-020_ses-f7335a49-4a98-46d2-a8ce-d041d2eac1d6_behavior+ecephys+image.nwb,2020-09-30 10:38:11.795687-07:00,DY_020,34,173,probe00,True,True,CA3,
sub-DY-020/sub-DY-020_ses-f7335a49-4a98-46d2-a8ce-d041d2eac1d6_behavior+ecephys+image.nwb,2020-09-30 10:38:11.795687-07:00,DY_020,131,571,probe01,True,True,PO,
sub-DY-020/sub-DY-020_ses-4a45c8ba-db6f-4f11-9403-56e06a33dfa4_behavior+ecephys+image.nwb,2020-09-29 11:34:40.078512-07:00,DY_020,122,682,probe00,True,True,VPM,
sub-DY-020/sub-DY-020_ses-4a45c8ba-db6f-4f11-9403-56e06a33dfa4_behavior+ecephys+image.nwb,2020-09-29 11:34:40.078512-07:00,DY_020,66,527,probe01,True,True,MRN,
sub-CSH-ZAD-025/sub-CSH-ZAD-025_ses-ff48aa1d-ef30-4903-ac34-8c41b738c1b9_behavior+ecephys+image.nwb,2020-08-03 13:31:08-04:00,CSH_ZAD_025,199,1139,probe01,True,True,TEa6a,
sub-CSH-ZAD-025/sub-CSH-ZAD-025_ses-c557324b-b95d-414c-888f-6ee1329a2329_behavior+ecephys+image.nwb,2020-08-12 13:20:22.874103-04:00,CSH_ZAD_025,89,673,probe00,True,True,RSPagl5,
sub-CSH-ZAD-025/sub-CSH-ZAD-025_ses-c557324b-b95d-414c-888f-6ee1329a2329_behavior+ecephys+image.nwb,2020-08-12 13:20:22.874103-04:00,CSH_ZAD_025,100,785,probe01,True,True,VPM,
sub-CSH-ZAD-025/sub-CSH-ZAD-025_ses-280ee768-f7b8-4c6c-9ea0-48ca75d6b6f3_behavior+ecephys+image.nwb,2020-08-04 08:06:38-04:00,CSH_ZAD_025,23,342,probe00,True,True,SSp-bfd6a,
sub-CSH-ZAD-025/sub-CSH-ZAD-025_ses-280ee768-f7b8-4c6c-9ea0-48ca75d6b6f3_behavior+ecephys+image.nwb,2020-08-04 08:06:38-04:00,CSH_ZAD_025,65,574,probe01,True,True,CA3,
sub-CSH-ZAD-025/sub-CSH-ZAD-025_ses-6274dda8-3a59-4aa1-95f8-a8a549c46a26_behavior+ecephys+image.nwb,2020-07-30 07:59:56-04:00,CSH_ZAD_025,114,875,probe00,True,True,PAG,
sub-CSH-ZAD-025/sub-CSH-ZAD-025_ses-6274dda8-3a59-4aa1-95f8-a8a549c46a26_behavior+ecephys+image.nwb,2020-07-30 07:59:56-04:00,CSH_ZAD_025,113,1105,probe01,True,True,PRE,
sub-CSH-ZAD-025/sub-CSH-ZAD-025_ses-549caacc-3bd7-40f1-913d-e94141816547_behavior+ecephys+image.nwb,2020-07-27 07:57:45-04:00,CSH_ZAD_025,26,607,probe00,True,True,MRN,
sub-CSH-ZAD-025/sub-CSH-ZAD-025_ses-549caacc-3bd7-40f1-913d-e94141816547_behavior+ecephys+image.nwb,2020-07-27 07:57:45-04:00,CSH_ZAD_025,29,738,probe01,True,True,PARN,
sub-CSH-ZAD-025/sub-CSH-ZAD-025_ses-20c112a1-8a42-44e0-a4cd-e5b932f7bda9_behavior+ecephys+image.nwb,2020-07-26 08:42:16-04:00,CSH_ZAD_025,96,956,probe00,True,True,SIM,
sub-CSH-ZAD-025/sub-CSH-ZAD-025_ses-20c112a1-8a42-44e0-a4cd-e5b932f7bda9_behavior+ecephys+image.nwb,2020-07-26 08:42:16-04:00,CSH_ZAD_025,47,688,probe01,True,True,PARN,
sub-CSHL059/sub-CSHL059_ses-d16a9a8d-5f42-4b49-ba58-1746f807fcc1_behavior+ecephys+image.nwb,2020-03-07 16:56:51-05:00,CSHL059,8,173,probe01,True,True,BMAp,
sub-CSHL059/sub-CSHL059_ses-37e96d0b-5b4b-4c6e-9b29-7edbdc94bbd0_behavior+ecephys+image.nwb,2020-03-08 18:38:55-04:00,CSHL059,51,406,probe00,True,True,CP,
sub-CSHL059/sub-CSHL059_ses-37e96d0b-5b4b-4c6e-9b29-7edbdc94bbd0_behavior+ecephys+image.nwb,2020-03-08 18:38:55-04:00,CSHL059,45,457,probe01,True,True,DG-sg,
sub-CSHL059/sub-CSHL059_ses-dda5fc59-f09a-4256-9fb5-66c67667a466_behavior+ecephys+image.nwb,2020-03-06 15:52:04-05:00,CSHL059,78,563,probe00,True,True,LP,
sub-CSHL059/sub-CSHL059_ses-dda5fc59-f09a-4256-9fb5-66c67667a466_behavior+ecephys+image.nwb,2020-03-06 15:52:04-05:00,CSHL059,41,554,probe01,True,True,VISpm5,
sub-CSHL059/sub-CSHL059_ses-57b5ae8f-d446-4161-b439-b191c5e3e77b_behavior+ecephys+image.nwb,2020-03-05 16:18:21-05:00,CSHL059,44,257,probe00,True,True,MOp5,
sub-CSHL059/sub-CSHL059_ses-57b5ae8f-d446-4161-b439-b191c5e3e77b_behavior+ecephys+image.nwb,2020-03-05 16:18:21-05:00,CSHL059,14,237,probe01,True,True,SI,
sub-CSHL059/sub-CSHL059_ses-d2f5a130-b981-4546-8858-c94ae1da75ff_behavior+ecephys+image.nwb,2020-03-03 14:27:51-05:00,CSHL059,65,592,probe00,True,True,MOp6a,
sub-CSHL059/sub-CSHL059_ses-d2f5a130-b981-4546-8858-c94ae1da75ff_behavior+ecephys+image.nwb,2020-03-03 14:27:51-05:00,CSHL059,49,566,probe01,True,True,MOp5,
sub-DY-014/sub-DY-014_ses-b39752db-abdb-47ab-ae78-e8608bbf50ed_behavior+ecephys+image.nwb,2020-07-19 12:25:07.028702-07:00,DY_014,49,247,probe00,True,True,LP,
sub-DY-014/sub-DY-014_ses-b39752db-abdb-47ab-ae78-e8608bbf50ed_behavior+ecephys+image.nwb,2020-07-19 12:25:07.028702-07:00,DY_014,66,506,probe01,True,True,CP,
sub-DY-014/sub-DY-014_ses-bd456d8f-d36e-434a-8051-ff3997253802_behavior+ecephys+image.nwb,2020-07-17 10:52:56.539932-07:00,DY_014,107,597,probe00,True,True,CP,
sub-DY-014/sub-DY-014_ses-bd456d8f-d36e-434a-8051-ff3997253802_behavior+ecephys+image.nwb,2020-07-17 10:52:56.539932-07:00,DY_014,55,394,probe01,True,True,MD,
sub-DY-014/sub-DY-014_ses-b658bc7d-07cd-4203-8a25-7b16b549851b_behavior+ecephys+image.nwb,2020-07-16 12:55:48.396658-07:00,DY_014,53,331,probe00,True,True,CP,
sub-DY-014/sub-DY-014_ses-b658bc7d-07cd-4203-8a25-7b16b549851b_behavior+ecephys+image.nwb,2020-07-16 12:55:48.396658-07:00,DY_014,63,433,probe01,True,True,LSv,
sub-DY-014/sub-DY-014_ses-7622da34-51b6-4661-98ae-a57d40806008_behavior+ecephys+image.nwb,2020-07-15 11:39:29.338481-07:00,DY_014,15,192,probe00,True,True,RT,
sub-DY-014/sub-DY-014_ses-7622da34-51b6-4661-98ae-a57d40806008_behavior+ecephys+image.nwb,2020-07-15 11:39:29.338481-07:00,DY_014,14,107,probe01,True,True,ACB,
sub-DY-014/sub-DY-014_ses-4720c98a-a305-4fba-affb-bbfa00a724a4_behavior+ecephys+image.nwb,2020-07-14 11:21:53.671659-07:00,DY_014,55,383,probe00,True,True,VPL,
sub-DY-014/sub-DY-014_ses-4720c98a-a305-4fba-affb-bbfa00a724a4_behavior+ecephys+image.nwb,2020-07-14 11:21:53.671659-07:00,DY_014,56,464,probe01,True,True,LSr,
sub-DY-014/sub-DY-014_ses-f25642c6-27a5-4a97-9ea0-06652db79fbd_behavior+ecephys+image.nwb,2020-07-13 11:46:18-07:00,DY_014,47,217,probe00,True,True,LD,
sub-DY-014/sub-DY-014_ses-f25642c6-27a5-4a97-9ea0-06652db79fbd_behavior+ecephys+image.nwb,2020-07-13 11:46:18-07:00,DY_014,59,460,probe01,True,True,AON,
sub-UCLA034/sub-UCLA034_ses-3537d970-f515-4786-853f-23de525e110f_behavior+ecephys+image.nwb,2022-01-28 14:59:27.112640-08:00,UCLA034,135,897,probe00,True,True,CA3,
sub-UCLA034/sub-UCLA034_ses-ebc9392c-1ecb-4b4b-a545-4e3d70d23611_behavior+ecephys+image.nwb,2022-01-26 17:55:01.487908-08:00,UCLA034,202,1028,probe00,True,True,LSr,
sub-UCLA034/sub-UCLA034_ses-19b44992-d527-4a12-8bda-aa11379cb08c_behavior+ecephys.nwb,2022-01-27 16:14:16.179363-08:00,UCLA034,49,474,probe00,True,True,fa,
sub-UCLA034/sub-UCLA034_ses-19b44992-d527-4a12-8bda-aa11379cb08c_behavior+ecephys.nwb,2022-01-27 16:14:16.179363-08:00,UCLA034,87,876,probe01,True,True,NLL,
sub-UCLA034/sub-UCLA034_ses-8a3a0197-b40a-449f-be55-c00b23253bbf_behavior+ecephys+image.nwb,2022-01-25 15:07:55-08:00,UCLA034,83,648,probe00,True,True,POL,
sub-UCLA034/sub-UCLA034_ses-8a3a0197-b40a-449f-be55-c00b23253bbf_behavior+ecephys+image.nwb,2022-01-25 15:07:55-08:00,UCLA034,57,580,probe01,True,True,MRN,
sub-NYU-30/sub-NYU-30_ses-5569f363-0934-464e-9a5b-77c8e67791a1_behavior+ecephys+image.nwb,2020-10-21 11:03:14.495403-04:00,NYU-30,81,571,probe00,True,True,AON,
sub-NYU-30/sub-NYU-30_ses-77e6dc6a-66ed-433c-b1a2-778c914f523c_behavior+ecephys+image.nwb,2020-10-20 10:49:34.832679-04:00,NYU-30,65,447,probe00,True,True,PIR,
sub-ZM-2240/sub-ZM-2240_ses-193fe7a8-4eb5-4f3e-815a-0c45864ddd77_behavior+ecephys+image.nwb,2020-01-24 09:57:45+00:00,ZM_2240,52,418,probe00,True,True,CA1,
sub-ZM-2240/sub-ZM-2240_ses-510b1a50-825d-44ce-86f6-9678f5396e02_behavior+ecephys+image.nwb,2020-01-23 15:12:02+00:00,ZM_2240,122,889,probe00,True,True,MD,
sub-ZM-2240/sub-ZM-2240_ses-259927fd-7563-4b03-bc5d-17b4d0fa7a55_behavior+ecephys+image.nwb,2020-01-22 10:50:59+00:00,ZM_2240,206,1040,probe00,True,True,LSr,
sub-ZM-2240/sub-ZM-2240_ses-259927fd-7563-4b03-bc5d-17b4d0fa7a55_behavior+ecephys+image.nwb,2020-01-22 10:50:59+00:00,ZM_2240,20,336,probe01,True,True,LD,
sub-ZM-2240/sub-ZM-2240_ses-d33baf74-263c-4b37-a0d0-b79dcb80a764_behavior+ecephys+image.nwb,2020-01-21 10:44:49+00:00,ZM_2240,79,650,probe01,True,True,LD,
sub-DY-018/sub-DY-018_ses-cde63527-7f5a-4cc3-8ac2-215d82e7da26_behavior+ecephys+image.nwb,2020-10-20 10:30:43.402364-07:00,DY_018,23,547,probe00,True,True,CA3,
sub-DY-018/sub-DY-018_ses-54238fd6-d2d0-4408-b1a9-d19d24fd29ce_behavior+ecephys+image.nwb,2020-10-15 10:30:19.139717-07:00,DY_018,66,481,probe00,True,True,VPM,
sub-DY-018/sub-DY-018_ses-e8b4fda3-7fe4-4706-8ec2-91036cfee6bd_behavior+ecephys+image.nwb,2020-10-17 10:46:03.288322-07:00,DY_018,87,638,probe00,True,True,MGm,
sub-DY-018/sub-DY-018_ses-e8b4fda3-7fe4-4706-8ec2-91036cfee6bd_behavior+ecephys+image.nwb,2020-10-17 10:46:03.288322-07:00,DY_018,8,137,probe01,True,True,POST,
sub-SWC-060/sub-SWC-060_ses-81a1dca0-cc90-47c5-afe3-c277319c47c8_behavior+ecephys+image.nwb,2020-11-26 17:22:03.545441+00:00,SWC_060,80,545,probe00,True,True,LSr,
sub-SWC-060/sub-SWC-060_ses-81a1dca0-cc90-47c5-afe3-c277319c47c8_behavior+ecephys+image.nwb,2020-11-26 17:22:03.545441+00:00,SWC_060,10,168,probe01,True,True,PRC,
sub-SWC-060/sub-SWC-060_ses-dac3a4c1-b666-4de0-87e8-8c514483cacf_behavior+ecephys+image.nwb,2020-11-24 16:39:18.082333+00:00,SWC_060,51,405,probe00,True,True,sm,
sub-SWC-060/sub-SWC-060_ses-dac3a4c1-b666-4de0-87e8-8c514483cacf_behavior+ecephys+image.nwb,2020-11-24 16:39:18.082333+00:00,SWC_060,46,287,probe01,True,True,PO,
sub-SWC-060/sub-SWC-060_ses-875c1e5c-f7ec-45ac-ab82-ecfe7276a707_behavior+ecephys+image.nwb,2020-11-25 13:17:54.132432+00:00,SWC_060,31,289,probe00,True,True,PVT,
sub-SWC-060/sub-SWC-060_ses-875c1e5c-f7ec-45ac-ab82-ecfe7276a707_behavior+ecephys+image.nwb,2020-11-25 13:17:54.132432+00:00,SWC_060,17,265,probe01,True,True,MD,
sub-NR-0027/sub-NR-0027_ses-ae8787b1-4229-4d56-b0c2-566b61a25b77_behavior+ecephys+image.nwb,2022-08-23 09:26:09-07:00,NR_0027,60,450,probe00,True,True,CP,
sub-NR-0027/sub-NR-0027_ses-6c6b0d06-6039-4525-a74b-58cfaa1d3a60_behavior+ecephys+image.nwb,2022-08-19 15:38:11-07:00,NR_0027,43,478,probe00,True,True,APN,
sub-NR-0027/sub-NR-0027_ses-6c6b0d06-6039-4525-a74b-58cfaa1d3a60_behavior+ecephys+image.nwb,2022-08-19 15:38:11-07:00,NR_0027,42,351,probe01,True,True,MRN,
sub-NR-0027/sub-NR-0027_ses-0f77ca5d-73c2-45bd-aa4c-4c5ed275dbde_behavior+ecephys+image.nwb,2022-08-22 13:10:52-07:00,NR_0027,73,539,probe00,True,True,MOs6a,
sub-NR-0027/sub-NR-0027_ses-0f77ca5d-73c2-45bd-aa4c-4c5ed275dbde_behavior+ecephys+image.nwb,2022-08-22 13:10:52-07:00,NR_0027,154,822,probe01,True,True,AIv5,
sub-DY-008/sub-DY-008_ses-0f25376f-2b78-4ddc-8c39-b6cdbe7bf5b9_behavior+ecephys+image.nwb,2020-03-03 14:57:17.041984-08:00,DY_008,102,632,probe00,True,True,PO,
sub-DY-008/sub-DY-008_ses-ee13c19e-2790-4418-97ca-48f02e8013bb_behavior+ecephys+image.nwb,2020-03-04 13:14:42.728981-08:00,DY_008,57,419,probe00,True,True,VPL,
sub-KS091/sub-KS091_ses-196a2adf-ff83-49b2-823a-33f990049c2e_behavior+ecephys+image.nwb,2022-07-05 14:22:06.635000+01:00,KS091,22,213,probe00,True,True,BMAp,
sub-KS091/sub-KS091_ses-196a2adf-ff83-49b2-823a-33f990049c2e_behavior+ecephys+image.nwb,2022-07-05 14:22:06.635000+01:00,KS091,90,998,probe01,True,True,ACAd5,
sub-KS091/sub-KS091_ses-78b4fff5-c5ec-44d9-b5f9-d59493063f00_behavior+ecephys+image.nwb,2022-07-04 14:30:15.049000+01:00,KS091,40,450,probe00,True,True,BMAp,
sub-KS091/sub-KS091_ses-78b4fff5-c5ec-44d9-b5f9-d59493063f00_behavior+ecephys+image.nwb,2022-07-04 14:30:15.049000+01:00,KS091,48,552,probe01,True,True,PL5,
sub-ibl-witten-19/sub-ibl-witten-19_ses-65f5c9b4-4440-48b9-b914-c593a5184a18_behavior+ecephys.nwb,2020-07-23 18:59:30-04:00,ibl_witten_19,73,582,probe00,True,True,ORBl5,
sub-ibl-witten-19/sub-ibl-witten-19_ses-f8041c1e-5ef4-4ae6-afec-ed82d7a74dc1_behavior+ecephys.nwb,2020-07-22 20:51:44-04:00,ibl_witten_19,13,236,probe01,True,True,ORBm5,
sub-ibl-witten-19/sub-ibl-witten-19_ses-4ddb8a95-788b-48d0-8a0a-66c7c796da96_behavior+ecephys.nwb,2020-07-21 17:04:39-04:00,ibl_witten_19,23,310,probe00,True,True,MRN,
sub-ibl-witten-19/sub-ibl-witten-19_ses-4ddb8a95-788b-48d0-8a0a-66c7c796da96_behavior+ecephys.nwb,2020-07-21 17:04:39-04:00,ibl_witten_19,40,384,probe01,True,True,ILA5,
sub-ibl-witten-26/sub-ibl-witten-26_ses-8c2f7f4d-7346-42a4-a715-4d37a5208535_behavior+ecephys.nwb,2021-01-29 21:04:24.698876-05:00,ibl_witten_26,34,453,probe01,True,True,CUL4 5,
sub-ibl-witten-26/sub-ibl-witten-26_ses-a9138924-4395-4981-83d1-530f6ff7c8fc_behavior+ecephys+image.nwb,2021-01-28 15:48:40.399464-05:00,ibl_witten_26,13,512,probe01,True,True,PRM,
sub-ibl-witten-26/sub-ibl-witten-26_ses-ff96bfe1-d925-4553-94b5-bf8297adf259_behavior+ecephys+image.nwb,2021-01-27 16:23:21-05:00,ibl_witten_26,35,893,probe00,True,True,SPVI,
sub-ibl-witten-26/sub-ibl-witten-26_ses-ff96bfe1-d925-4553-94b5-bf8297adf259_behavior+ecephys+image.nwb,2021-01-27 16:23:21-05:00,ibl_witten_26,66,521,probe01,True,True,LP,
sub-ibl-witten-26/sub-ibl-witten-26_ses-09394481-8dd2-4d5c-9327-f2753ede92d7_behavior+ecephys+image.nwb,2021-01-30 15:53:29.408265-05:00,ibl_witten_26,60,735,probe00,True,True,PARN,
sub-ibl-witten-26/sub-ibl-witten-26_ses-09394481-8dd2-4d5c-9327-f2753ede92d7_behavior+ecephys+image.nwb,2021-01-30 15:53:29.408265-05:00,ibl_witten_26,42,451,probe01,True,True,V,
sub-CSHL053/sub-CSHL053_ses-810b1e07-009e-4ebe-930a-915e4cd8ece4_behavior+ecephys+image.nwb,2020-02-02 16:58:14-05:00,CSHL053,16,563,probe01,True,True,CENT3,
sub-CSHL053/sub-CSHL053_ses-eef82e27-c20e-48da-b4b7-c443031649e3_behavior+ecephys+image.nwb,2020-02-01 09:52:08-05:00,CSHL053,57,665,probe00,True,True,CENT3,
sub-CSHL053/sub-CSHL053_ses-0deb75fb-9088-42d9-b744-012fb8fc4afb_behavior+ecephys+image.nwb,2020-01-30 13:24:09-05:00,CSHL053,44,353,probe00,True,True,SSp-tr6a,
sub-CSHL053/sub-CSHL053_ses-12dc8b34-b18e-4cdd-90a9-da134a9be79c_behavior+ecephys+image.nwb,2020-01-29 16:19:33-05:00,CSHL053,20,245,probe00,True,True,RSPd6a,
sub-CSHL047/sub-CSHL047_ses-b52182e7-39f6-4914-9717-136db589706e_behavior+ecephys+image.nwb,2020-01-21 13:52:24-05:00,CSHL047,87,558,probe00,True,True,VISpm5,
sub-CSHL047/sub-CSHL047_ses-2d5f6d81-38c4-4bdc-ac3c-302ea4d5f46e_behavior+ecephys+image.nwb,2020-01-22 08:28:49-05:00,CSHL047,36,273,probe00,True,True,CA1,
sub-CSHL047/sub-CSHL047_ses-2d5f6d81-38c4-4bdc-ac3c-302ea4d5f46e_behavior+ecephys+image.nwb,2020-01-22 08:28:49-05:00,CSHL047,40,1601,probe01,True,True,VPL,
sub-NR-0020/sub-NR-0020_ses-d901aff5-2250-467a-b4a1-0cb9729df9e2_behavior+ecephys+image.nwb,2022-05-11 13:32:47.764358-07:00,NR_0020,90,542,probe00,True,True,PoT,
sub-NR-0020/sub-NR-0020_ses-5b49aca6-a6f4-4075-931a-617ad64c219c_behavior+ecephys+image.nwb,2022-05-10 18:07:06.273804-07:00,NR_0020,46,347,probe01,True,True,TR,
sub-NR-0020/sub-NR-0020_ses-3e6a97d3-3991-49e2-b346-6948cb4580fb_behavior+ecephys+image.nwb,2022-05-08 13:39:14.170541-07:00,NR_0020,50,506,probe00,True,True,APN,
sub-NR-0020/sub-NR-0020_ses-3e6a97d3-3991-49e2-b346-6948cb4580fb_behavior+ecephys+image.nwb,2022-05-08 13:39:14.170541-07:00,NR_0020,55,575,probe01,True,True,BLAp,
sub-NR-0020/sub-NR-0020_ses-eacc49a9-f3a1-49f1-b87f-0972f90ee837_behavior+ecephys+image.nwb,2022-05-09 14:19:25.159439-07:00,NR_0020,57,667,probe00,True,True,MRN,
sub-NR-0020/sub-NR-0020_ses-eacc49a9-f3a1-49f1-b87f-0972f90ee837_behavior+ecephys+image.nwb,2022-05-09 14:19:25.159439-07:00,NR_0020,79,583,probe01,True,True,CA1,
sub-SWC-066/sub-SWC-066_ses-a4747ac8-6a75-444f-b99b-696fff0243fd_behavior+ecephys+image.nwb,2022-04-28 18:08:24.122809+01:00,SWC_066,4,122,probe00,True,True,CA1,
sub-SWC-066/sub-SWC-066_ses-f4ffb731-8349-4fe4-806e-0232a84e52dd_behavior+ecephys+image.nwb,2022-04-27 17:00:27.945173+01:00,SWC_066,1,183,probe01,True,True,SIM,
sub-ZFM-01576/sub-ZFM-01576_ses-9e9c6fc0-4769-4d83-9ea4-b59a1230510e_behavior+ecephys+image.nwb,2020-12-03 15:35:53+00:00,ZFM-01576,67,488,probe00,True,True,MOp5,
sub-ZFM-01576/sub-ZFM-01576_ses-c4432264-e1ae-446f-8a07-6280abade813_behavior+ecephys+image.nwb,2020-12-01 10:59:12.153826+00:00,ZFM-01576,33,320,probe00,True,True,APN,
sub-ZFM-01576/sub-ZFM-01576_ses-c4432264-e1ae-446f-8a07-6280abade813_behavior+ecephys+image.nwb,2020-12-01 10:59:12.153826+00:00,ZFM-01576,59,542,probe01,True,True,SIM,
sub-KS044/sub-KS044_ses-781b35fd-e1f0-4d14-b2bb-95b7263082bb_behavior+ecephys+image.nwb,2020-12-09 21:29:24.224000+00:00,KS044,60,508,probe00,True,True,MEA,
sub-KS044/sub-KS044_ses-781b35fd-e1f0-4d14-b2bb-95b7263082bb_behavior+ecephys+image.nwb,2020-12-09 21:29:24.224000+00:00,KS044,81,605,probe01,True,True,LP,
sub-KS044/sub-KS044_ses-a6fe44a8-07ab-49b8-81f9-e18575aa85cc_behavior+ecephys+image.nwb,2020-12-07 19:34:42.945000+00:00,KS044,29,654,probe00,True,True,ICe,
sub-KS044/sub-KS044_ses-a6fe44a8-07ab-49b8-81f9-e18575aa85cc_behavior+ecephys+image.nwb,2020-12-07 19:34:42.945000+00:00,KS044,22,384,probe01,True,True,MRN,
sub-NR-0019/sub-NR-0019_ses-9b528ad0-4599-4a55-9148-96cc1d93fb24_behavior+ecephys+image.nwb,2022-04-29 19:31:15.276863-07:00,NR_0019,44,331,probe00,True,True,APN,
sub-NR-0019/sub-NR-0019_ses-63c70ae8-4dfb-418b-b21b-f0b1e5fba6c9_behavior+ecephys+image.nwb,2022-05-03 15:04:48.713692-07:00,NR_0019,95,576,probe00,True,True,VPM,
sub-NR-0019/sub-NR-0019_ses-63c70ae8-4dfb-418b-b21b-f0b1e5fba6c9_behavior+ecephys+image.nwb,2022-05-03 15:04:48.713692-07:00,NR_0019,36,293,probe01,True,True,SSp-ul5,
sub-SWC-038/sub-SWC-038_ses-03063955-2523-47bd-ae57-f7489dd40f15_behavior+ecephys+image.nwb,2020-08-01 15:51:23.913929+01:00,SWC_038,100,532,probe01,True,True,CP,
sub-SWC-038/sub-SWC-038_ses-4d8c7767-981c-4347-8e5e-5d5fffe38534_behavior+ecephys.nwb,2020-07-30 17:47:20.137580+01:00,SWC_038,182,941,probe00,True,True,MOs5,
sub-SWC-038/sub-SWC-038_ses-4d8c7767-981c-4347-8e5e-5d5fffe38534_behavior+ecephys.nwb,2020-07-30 17:47:20.137580+01:00,SWC_038,132,822,probe01,True,True,ORBvl6a,
sub-SWC-038/sub-SWC-038_ses-1e45d992-c356-40e1-9be1-a506d944896f_behavior+ecephys.nwb,2020-07-31 15:03:32.002743+01:00,SWC_038,19,314,probe00,True,True,APN,
sub-SWC-038/sub-SWC-038_ses-1e45d992-c356-40e1-9be1-a506d944896f_behavior+ecephys.nwb,2020-07-31 15:03:32.002743+01:00,SWC_038,83,657,probe01,True,True,CP,
sub-NYU-48/sub-NYU-48_ses-3d59aa1a-b4ba-47fe-b9cf-741b5fdb0c7b_behavior+ecephys+image.nwb,2021-07-02 15:28:23.348923-04:00,NYU-48,40,379,probe01,True,True,PRNr,
sub-NYU-48/sub-NYU-48_ses-93ad879a-aa42-4150-83e1-38773c9785e4_behavior+ecephys+image.nwb,2021-07-01 11:00:11.695925-04:00,NYU-48,45,380,probe00,True,True,CENT3,
sub-NYU-48/sub-NYU-48_ses-a405053a-eb13-4aa4-850c-5a337e5dc7fd_behavior+ecephys+image.nwb,2021-06-29 12:17:25.703833-04:00,NYU-48,18,437,probe00,True,True,ACB,
